elec_date,county,entity_description,race_number,race_description,race_party,tot_race_prec,race_prec_reporting,cand_number,cand_name,cand_party,cand_absmail_votes,cand_early_votes,cand_elecday_votes,cand_tot_votes,race_county_owner,unused
11/5/2024,ADAIR,ADAIR COUNTY,10001,ELECTORS FOR PRESIDENT AND VICE PRESIDENT,,17,17,1,CHASE OLIVER | MIKE TER MAAT,LIB,0,4,16,20,,
11/5/2024,ADAIR,ADAIR COUNTY,10001,ELECTORS FOR PRESIDENT AND VICE PRESIDENT,,17,17,2,DONALD J. TRUMP | JD VANCE,REP,103,985,4772,5860,,
11/5/2024,ADAIR,ADAIR COUNTY,10001,ELECTORS FOR PRESIDENT AND VICE PRESIDENT,,17,17,3,KAMALA D. HARRIS | TIM WALZ,DEM,64,251,974,1289,,
11/5/2024,ADAIR,ADAIR COUNTY,10001,ELECTORS FOR PRESIDENT AND VICE PRESIDENT,,17,17,4,ROBERT F. KENNEDY JR. | NICOLE SHANAHAN,IND,0,7,55,62,,
11/5/2024,ADAIR,ADAIR COUNTY,10001,ELECTORS FOR PRESIDENT AND VICE PRESIDENT,,17,17,5,CHRIS GARRITY | CODY BALLARD,IND,3,2,20,25,,
11/5/2024,ALFALFA,ALFALFA COUNTY,10001,ELECTORS FOR PRESIDENT AND VICE PRESIDENT,,8,8,1,CHASE OLIVER | MIKE TER MAAT,LIB,0,0,6,6,,
11/5/2024,ALFALFA,ALFALFA COUNTY,10001,ELECTORS FOR PRESIDENT AND VICE PRESIDENT,,8,8,2,DONALD J. TRUMP | JD VANCE,REP,49,357,1485,1891,,
11/5/2024,ALFALFA,ALFALFA COUNTY,10001,ELECTORS FOR PRESIDENT AND VICE PRESIDENT,,8,8,3,KAMALA D. HARRIS | TIM WALZ,DEM,12,50,174,236,,
11/5/2024,ALFALFA,ALFALFA COUNTY,10001,ELECTORS FOR PRESIDENT AND VICE PRESIDENT,,8,8,4,ROBERT F. KENNEDY JR. | NICOLE SHANAHAN,IND,0,5,18,23,,
11/5/2024,ALFALFA,ALFALFA COUNTY,10001,ELECTORS FOR PRESIDENT AND VICE PRESIDENT,,8,8,5,CHRIS GARRITY | CODY BALLARD,IND,0,0,4,4,,
11/5/2024,ATOKA,ATOKA COUNTY,10001,ELECTORS FOR PRESIDENT AND VICE PRESIDENT,,13,13,1,CHASE OLIVER | MIKE TER MAAT,LIB,0,1,7,8,,
11/5/2024,ATOKA,ATOKA COUNTY,10001,ELECTORS FOR PRESIDENT AND VICE PRESIDENT,,13,13,2,DONALD J. TRUMP | JD VANCE,REP,94,1524,3214,4832,,
11/5/2024,ATOKA,ATOKA COUNTY,10001,ELECTORS FOR PRESIDENT AND VICE PRESIDENT,,13,13,3,KAMALA D. HARRIS | TIM WALZ,DEM,42,286,451,779,,
11/5/2024,ATOKA,ATOKA COUNTY,10001,ELECTORS FOR PRESIDENT AND VICE PRESIDENT,,13,13,4,ROBERT F. KENNEDY JR. | NICOLE SHANAHAN,IND,0,4,28,32,,
11/5/2024,ATOKA,ATOKA COUNTY,10001,ELECTORS FOR PRESIDENT AND VICE PRESIDENT,,13,13,5,CHRIS GARRITY | CODY BALLARD,IND,0,2,9,11,,
11/5/2024,BEAVER,BEAVER COUNTY,10001,ELECTORS FOR PRESIDENT AND VICE PRESIDENT,,7,7,1,CHASE OLIVER | MIKE TER MAAT,LIB,1,0,7,8,,
11/5/2024,BEAVER,BEAVER COUNTY,10001,ELECTORS FOR PRESIDENT AND VICE PRESIDENT,,7,7,2,DONALD J. TRUMP | JD VANCE,REP,72,459,1407,1938,,
11/5/2024,BEAVER,BEAVER COUNTY,10001,ELECTORS FOR PRESIDENT AND VICE PRESIDENT,,7,7,3,KAMALA D. HARRIS | TIM WALZ,DEM,13,41,104,158,,
11/5/2024,BEAVER,BEAVER COUNTY,10001,ELECTORS FOR PRESIDENT AND VICE PRESIDENT,,7,7,4,ROBERT F. KENNEDY JR. | NICOLE SHANAHAN,IND,0,2,15,17,,
11/5/2024,BEAVER,BEAVER COUNTY,10001,ELECTORS FOR PRESIDENT AND VICE PRESIDENT,,7,7,5,CHRIS GARRITY | CODY BALLARD,IND,1,0,2,3,,
11/5/2024,BECKHAM,BECKHAM COUNTY,10001,ELECTORS FOR PRESIDENT AND VICE PRESIDENT,,12,12,1,CHASE OLIVER | MIKE TER MAAT,LIB,1,2,23,26,,
11/5/2024,BECKHAM,BECKHAM COUNTY,10001,ELECTORS FOR PRESIDENT AND VICE PRESIDENT,,12,12,2,DONALD J. TRUMP | JD VANCE,REP,188,1611,4675,6474,,
11/5/2024,BECKHAM,BECKHAM COUNTY,10001,ELECTORS FOR PRESIDENT AND VICE PRESIDENT,,12,12,3,KAMALA D. HARRIS | TIM WALZ,DEM,65,258,770,1093,,
11/5/2024,BECKHAM,BECKHAM COUNTY,10001,ELECTORS FOR PRESIDENT AND VICE PRESIDENT,,12,12,4,ROBERT F. KENNEDY JR. | NICOLE SHANAHAN,IND,2,5,64,71,,
11/5/2024,BECKHAM,BECKHAM COUNTY,10001,ELECTORS FOR PRESIDENT AND VICE PRESIDENT,,12,12,5,CHRIS GARRITY | CODY BALLARD,IND,0,6,8,14,,
11/5/2024,BLAINE,BLAINE COUNTY,10001,ELECTORS FOR PRESIDENT AND VICE PRESIDENT,,9,9,1,CHASE OLIVER | MIKE TER MAAT,LIB,0,1,8,9,,
11/5/2024,BLAINE,BLAINE COUNTY,10001,ELECTORS FOR PRESIDENT AND VICE PRESIDENT,,9,9,2,DONALD J. TRUMP | JD VANCE,REP,92,554,2408,3054,,
11/5/2024,BLAINE,BLAINE COUNTY,10001,ELECTORS FOR PRESIDENT AND VICE PRESIDENT,,9,9,3,KAMALA D. HARRIS | TIM WALZ,DEM,26,107,538,671,,
11/5/2024,BLAINE,BLAINE COUNTY,10001,ELECTORS FOR PRESIDENT AND VICE PRESIDENT,,9,9,4,ROBERT F. KENNEDY JR. | NICOLE SHANAHAN,IND,0,3,41,44,,
11/5/2024,BLAINE,BLAINE COUNTY,10001,ELECTORS FOR PRESIDENT AND VICE PRESIDENT,,9,9,5,CHRIS GARRITY | CODY BALLARD,IND,1,0,7,8,,
11/5/2024,BRYAN,BRYAN COUNTY,10001,ELECTORS FOR PRESIDENT AND VICE PRESIDENT,,25,25,1,CHASE OLIVER | MIKE TER MAAT,LIB,4,11,49,64,,
11/5/2024,BRYAN,BRYAN COUNTY,10001,ELECTORS FOR PRESIDENT AND VICE PRESIDENT,,25,25,2,DONALD J. TRUMP | JD VANCE,REP,348,2717,10934,13999,,
11/5/2024,BRYAN,BRYAN COUNTY,10001,ELECTORS FOR PRESIDENT AND VICE PRESIDENT,,25,25,3,KAMALA D. HARRIS | TIM WALZ,DEM,243,805,2521,3569,,
11/5/2024,BRYAN,BRYAN COUNTY,10001,ELECTORS FOR PRESIDENT AND VICE PRESIDENT,,25,25,4,ROBERT F. KENNEDY JR. | NICOLE SHANAHAN,IND,2,19,124,145,,
11/5/2024,BRYAN,BRYAN COUNTY,10001,ELECTORS FOR PRESIDENT AND VICE PRESIDENT,,25,25,5,CHRIS GARRITY | CODY BALLARD,IND,2,4,29,35,,
11/5/2024,CADDO,CADDO COUNTY,10001,ELECTORS FOR PRESIDENT AND VICE PRESIDENT,,14,14,1,CHASE OLIVER | MIKE TER MAAT,LIB,3,7,42,52,,
11/5/2024,CADDO,CADDO COUNTY,10001,ELECTORS FOR PRESIDENT AND VICE PRESIDENT,,14,14,2,DONALD J. TRUMP | JD VANCE,REP,182,1023,5681,6886,,
11/5/2024,CADDO,CADDO COUNTY,10001,ELECTORS FOR PRESIDENT AND VICE PRESIDENT,,14,14,3,KAMALA D. HARRIS | TIM WALZ,DEM,113,399,1902,2414,,
11/5/2024,CADDO,CADDO COUNTY,10001,ELECTORS FOR PRESIDENT AND VICE PRESIDENT,,14,14,4,ROBERT F. KENNEDY JR. | NICOLE SHANAHAN,IND,2,8,101,111,,
11/5/2024,CADDO,CADDO COUNTY,10001,ELECTORS FOR PRESIDENT AND VICE PRESIDENT,,14,14,5,CHRIS GARRITY | CODY BALLARD,IND,2,7,24,33,,
11/5/2024,CANADIAN,CANADIAN COUNTY,10001,ELECTORS FOR PRESIDENT AND VICE PRESIDENT,,60,60,1,CHASE OLIVER | MIKE TER MAAT,LIB,36,59,357,452,,
11/5/2024,CANADIAN,CANADIAN COUNTY,10001,ELECTORS FOR PRESIDENT AND VICE PRESIDENT,,60,60,2,DONALD J. TRUMP | JD VANCE,REP,3264,12522,34765,50551,,
11/5/2024,CANADIAN,CANADIAN COUNTY,10001,ELECTORS FOR PRESIDENT AND VICE PRESIDENT,,60,60,3,KAMALA D. HARRIS | TIM WALZ,DEM,2575,4827,13636,21038,,
11/5/2024,CANADIAN,CANADIAN COUNTY,10001,ELECTORS FOR PRESIDENT AND VICE PRESIDENT,,60,60,4,ROBERT F. KENNEDY JR. | NICOLE SHANAHAN,IND,56,95,624,775,,
11/5/2024,CANADIAN,CANADIAN COUNTY,10001,ELECTORS FOR PRESIDENT AND VICE PRESIDENT,,60,60,5,CHRIS GARRITY | CODY BALLARD,IND,24,32,202,258,,
11/5/2024,CARTER,CARTER COUNTY,10001,ELECTORS FOR PRESIDENT AND VICE PRESIDENT,,28,28,1,CHASE OLIVER | MIKE TER MAAT,LIB,3,12,49,64,,
11/5/2024,CARTER,CARTER COUNTY,10001,ELECTORS FOR PRESIDENT AND VICE PRESIDENT,,28,28,2,DONALD J. TRUMP | JD VANCE,REP,419,4372,10154,14945,,
11/5/2024,CARTER,CARTER COUNTY,10001,ELECTORS FOR PRESIDENT AND VICE PRESIDENT,,28,28,3,KAMALA D. HARRIS | TIM WALZ,DEM,308,1359,2610,4277,,
11/5/2024,CARTER,CARTER COUNTY,10001,ELECTORS FOR PRESIDENT AND VICE PRESIDENT,,28,28,4,ROBERT F. KENNEDY JR. | NICOLE SHANAHAN,IND,6,26,128,160,,
11/5/2024,CARTER,CARTER COUNTY,10001,ELECTORS FOR PRESIDENT AND VICE PRESIDENT,,28,28,5,CHRIS GARRITY | CODY BALLARD,IND,4,8,30,42,,
11/5/2024,CHEROKEE,CHEROKEE COUNTY,10001,ELECTORS FOR PRESIDENT AND VICE PRESIDENT,,29,29,1,CHASE OLIVER | MIKE TER MAAT,LIB,5,10,60,75,,
11/5/2024,CHEROKEE,CHEROKEE COUNTY,10001,ELECTORS FOR PRESIDENT AND VICE PRESIDENT,,29,29,2,DONALD J. TRUMP | JD VANCE,REP,419,2666,8552,11637,,
11/5/2024,CHEROKEE,CHEROKEE COUNTY,10001,ELECTORS FOR PRESIDENT AND VICE PRESIDENT,,29,29,3,KAMALA D. HARRIS | TIM WALZ,DEM,364,1718,3744,5826,,
11/5/2024,CHEROKEE,CHEROKEE COUNTY,10001,ELECTORS FOR PRESIDENT AND VICE PRESIDENT,,29,29,4,ROBERT F. KENNEDY JR. | NICOLE SHANAHAN,IND,9,21,185,215,,
11/5/2024,CHEROKEE,CHEROKEE COUNTY,10001,ELECTORS FOR PRESIDENT AND VICE PRESIDENT,,29,29,5,CHRIS GARRITY | CODY BALLARD,IND,3,12,55,70,,
11/5/2024,CHOCTAW,CHOCTAW COUNTY,10001,ELECTORS FOR PRESIDENT AND VICE PRESIDENT,,11,11,1,CHASE OLIVER | MIKE TER MAAT,LIB,4,9,13,26,,
11/5/2024,CHOCTAW,CHOCTAW COUNTY,10001,ELECTORS FOR PRESIDENT AND VICE PRESIDENT,,11,11,2,DONALD J. TRUMP | JD VANCE,REP,90,1532,3011,4633,,
11/5/2024,CHOCTAW,CHOCTAW COUNTY,10001,ELECTORS FOR PRESIDENT AND VICE PRESIDENT,,11,11,3,KAMALA D. HARRIS | TIM WALZ,DEM,56,280,608,944,,
11/5/2024,CHOCTAW,CHOCTAW COUNTY,10001,ELECTORS FOR PRESIDENT AND VICE PRESIDENT,,11,11,4,ROBERT F. KENNEDY JR. | NICOLE SHANAHAN,IND,0,8,19,27,,
11/5/2024,CHOCTAW,CHOCTAW COUNTY,10001,ELECTORS FOR PRESIDENT AND VICE PRESIDENT,,11,11,5,CHRIS GARRITY | CODY BALLARD,IND,2,1,6,9,,
11/5/2024,CIMARRON,CIMARRON COUNTY,10001,ELECTORS FOR PRESIDENT AND VICE PRESIDENT,,6,6,1,CHASE OLIVER | MIKE TER MAAT,LIB,0,0,0,0,,
11/5/2024,CIMARRON,CIMARRON COUNTY,10001,ELECTORS FOR PRESIDENT AND VICE PRESIDENT,,6,6,2,DONALD J. TRUMP | JD VANCE,REP,32,355,473,860,,
11/5/2024,CIMARRON,CIMARRON COUNTY,10001,ELECTORS FOR PRESIDENT AND VICE PRESIDENT,,6,6,3,KAMALA D. HARRIS | TIM WALZ,DEM,5,22,39,66,,
11/5/2024,CIMARRON,CIMARRON COUNTY,10001,ELECTORS FOR PRESIDENT AND VICE PRESIDENT,,6,6,4,ROBERT F. KENNEDY JR. | NICOLE SHANAHAN,IND,0,3,3,6,,
11/5/2024,CIMARRON,CIMARRON COUNTY,10001,ELECTORS FOR PRESIDENT AND VICE PRESIDENT,,6,6,5,CHRIS GARRITY | CODY BALLARD,IND,0,1,2,3,,
11/5/2024,CLEVELAND,CLEVELAND COUNTY,10001,ELECTORS FOR PRESIDENT AND VICE PRESIDENT,,105,105,1,CHASE OLIVER | MIKE TER MAAT,LIB,83,116,669,868,,
11/5/2024,CLEVELAND,CLEVELAND COUNTY,10001,ELECTORS FOR PRESIDENT AND VICE PRESIDENT,,105,105,2,DONALD J. TRUMP | JD VANCE,REP,4516,19061,43648,67225,,
11/5/2024,CLEVELAND,CLEVELAND COUNTY,10001,ELECTORS FOR PRESIDENT AND VICE PRESIDENT,,105,105,3,KAMALA D. HARRIS | TIM WALZ,DEM,5875,13987,29570,49432,,
11/5/2024,CLEVELAND,CLEVELAND COUNTY,10001,ELECTORS FOR PRESIDENT AND VICE PRESIDENT,,105,105,4,ROBERT F. KENNEDY JR. | NICOLE SHANAHAN,IND,88,188,1015,1291,,
11/5/2024,CLEVELAND,CLEVELAND COUNTY,10001,ELECTORS FOR PRESIDENT AND VICE PRESIDENT,,105,105,5,CHRIS GARRITY | CODY BALLARD,IND,48,77,353,478,,
11/5/2024,COAL,COAL COUNTY,10001,ELECTORS FOR PRESIDENT AND VICE PRESIDENT,,9,9,1,CHASE OLIVER | MIKE TER MAAT,LIB,0,2,1,3,,
11/5/2024,COAL,COAL COUNTY,10001,ELECTORS FOR PRESIDENT AND VICE PRESIDENT,,9,9,2,DONALD J. TRUMP | JD VANCE,REP,34,732,1389,2155,,
11/5/2024,COAL,COAL COUNTY,10001,ELECTORS FOR PRESIDENT AND VICE PRESIDENT,,9,9,3,KAMALA D. HARRIS | TIM WALZ,DEM,8,102,235,345,,
11/5/2024,COAL,COAL COUNTY,10001,ELECTORS FOR PRESIDENT AND VICE PRESIDENT,,9,9,4,ROBERT F. KENNEDY JR. | NICOLE SHANAHAN,IND,0,6,22,28,,
11/5/2024,COAL,COAL COUNTY,10001,ELECTORS FOR PRESIDENT AND VICE PRESIDENT,,9,9,5,CHRIS GARRITY | CODY BALLARD,IND,0,1,6,7,,
11/5/2024,COMANCHE,COMANCHE COUNTY,10001,ELECTORS FOR PRESIDENT AND VICE PRESIDENT,,40,40,1,CHASE OLIVER | MIKE TER MAAT,LIB,8,22,157,187,,
11/5/2024,COMANCHE,COMANCHE COUNTY,10001,ELECTORS FOR PRESIDENT AND VICE PRESIDENT,,40,40,2,DONALD J. TRUMP | JD VANCE,REP,1018,3723,16082,20823,,
11/5/2024,COMANCHE,COMANCHE COUNTY,10001,ELECTORS FOR PRESIDENT AND VICE PRESIDENT,,40,40,3,KAMALA D. HARRIS | TIM WALZ,DEM,1176,3194,8453,12823,,
11/5/2024,COMANCHE,COMANCHE COUNTY,10001,ELECTORS FOR PRESIDENT AND VICE PRESIDENT,,40,40,4,ROBERT F. KENNEDY JR. | NICOLE SHANAHAN,IND,12,31,309,352,,
11/5/2024,COMANCHE,COMANCHE COUNTY,10001,ELECTORS FOR PRESIDENT AND VICE PRESIDENT,,40,40,5,CHRIS GARRITY | CODY BALLARD,IND,9,13,77,99,,
11/5/2024,COTTON,COTTON COUNTY,10001,ELECTORS FOR PRESIDENT AND VICE PRESIDENT,,7,7,1,CHASE OLIVER | MIKE TER MAAT,LIB,0,3,3,6,,
11/5/2024,COTTON,COTTON COUNTY,10001,ELECTORS FOR PRESIDENT AND VICE PRESIDENT,,7,7,2,DONALD J. TRUMP | JD VANCE,REP,37,631,1399,2067,,
11/5/2024,COTTON,COTTON COUNTY,10001,ELECTORS FOR PRESIDENT AND VICE PRESIDENT,,7,7,3,KAMALA D. HARRIS | TIM WALZ,DEM,15,123,254,392,,
11/5/2024,COTTON,COTTON COUNTY,10001,ELECTORS FOR PRESIDENT AND VICE PRESIDENT,,7,7,4,ROBERT F. KENNEDY JR. | NICOLE SHANAHAN,IND,0,11,20,31,,
11/5/2024,COTTON,COTTON COUNTY,10001,ELECTORS FOR PRESIDENT AND VICE PRESIDENT,,7,7,5,CHRIS GARRITY | CODY BALLARD,IND,0,1,9,10,,
11/5/2024,CRAIG,CRAIG COUNTY,10001,ELECTORS FOR PRESIDENT AND VICE PRESIDENT,,13,13,1,CHASE OLIVER | MIKE TER MAAT,LIB,1,4,15,20,,
11/5/2024,CRAIG,CRAIG COUNTY,10001,ELECTORS FOR PRESIDENT AND VICE PRESIDENT,,13,13,2,DONALD J. TRUMP | JD VANCE,REP,110,970,3660,4740,,
11/5/2024,CRAIG,CRAIG COUNTY,10001,ELECTORS FOR PRESIDENT AND VICE PRESIDENT,,13,13,3,KAMALA D. HARRIS | TIM WALZ,DEM,69,280,863,1212,,
11/5/2024,CRAIG,CRAIG COUNTY,10001,ELECTORS FOR PRESIDENT AND VICE PRESIDENT,,13,13,4,ROBERT F. KENNEDY JR. | NICOLE SHANAHAN,IND,4,10,50,64,,
11/5/2024,CRAIG,CRAIG COUNTY,10001,ELECTORS FOR PRESIDENT AND VICE PRESIDENT,,13,13,5,CHRIS GARRITY | CODY BALLARD,IND,2,3,15,20,,
11/5/2024,CREEK,CREEK COUNTY,10001,ELECTORS FOR PRESIDENT AND VICE PRESIDENT,,35,35,1,CHASE OLIVER | MIKE TER MAAT,LIB,7,16,124,147,,
11/5/2024,CREEK,CREEK COUNTY,10001,ELECTORS FOR PRESIDENT AND VICE PRESIDENT,,35,35,2,DONALD J. TRUMP | JD VANCE,REP,693,3842,19563,24098,,
11/5/2024,CREEK,CREEK COUNTY,10001,ELECTORS FOR PRESIDENT AND VICE PRESIDENT,,35,35,3,KAMALA D. HARRIS | TIM WALZ,DEM,559,1170,4914,6643,,
11/5/2024,CREEK,CREEK COUNTY,10001,ELECTORS FOR PRESIDENT AND VICE PRESIDENT,,35,35,4,ROBERT F. KENNEDY JR. | NICOLE SHANAHAN,IND,4,25,301,330,,
11/5/2024,CREEK,CREEK COUNTY,10001,ELECTORS FOR PRESIDENT AND VICE PRESIDENT,,35,35,5,CHRIS GARRITY | CODY BALLARD,IND,11,7,76,94,,
11/5/2024,CUSTER,CUSTER COUNTY,10001,ELECTORS FOR PRESIDENT AND VICE PRESIDENT,,12,12,1,CHASE OLIVER | MIKE TER MAAT,LIB,3,2,42,47,,
11/5/2024,CUSTER,CUSTER COUNTY,10001,ELECTORS FOR PRESIDENT AND VICE PRESIDENT,,12,12,2,DONALD J. TRUMP | JD VANCE,REP,311,1771,5611,7693,,
11/5/2024,CUSTER,CUSTER COUNTY,10001,ELECTORS FOR PRESIDENT AND VICE PRESIDENT,,12,12,3,KAMALA D. HARRIS | TIM WALZ,DEM,162,517,1600,2279,,
11/5/2024,CUSTER,CUSTER COUNTY,10001,ELECTORS FOR PRESIDENT AND VICE PRESIDENT,,12,12,4,ROBERT F. KENNEDY JR. | NICOLE SHANAHAN,IND,6,17,97,120,,
11/5/2024,CUSTER,CUSTER COUNTY,10001,ELECTORS FOR PRESIDENT AND VICE PRESIDENT,,12,12,5,CHRIS GARRITY | CODY BALLARD,IND,5,5,19,29,,
11/5/2024,DELAWARE,DELAWARE COUNTY,10001,ELECTORS FOR PRESIDENT AND VICE PRESIDENT,,18,18,1,CHASE OLIVER | MIKE TER MAAT,LIB,3,6,50,59,,
11/5/2024,DELAWARE,DELAWARE COUNTY,10001,ELECTORS FOR PRESIDENT AND VICE PRESIDENT,,18,18,2,DONALD J. TRUMP | JD VANCE,REP,562,2705,11140,14407,,
11/5/2024,DELAWARE,DELAWARE COUNTY,10001,ELECTORS FOR PRESIDENT AND VICE PRESIDENT,,18,18,3,KAMALA D. HARRIS | TIM WALZ,DEM,324,675,2476,3475,,
11/5/2024,DELAWARE,DELAWARE COUNTY,10001,ELECTORS FOR PRESIDENT AND VICE PRESIDENT,,18,18,4,ROBERT F. KENNEDY JR. | NICOLE SHANAHAN,IND,10,8,111,129,,
11/5/2024,DELAWARE,DELAWARE COUNTY,10001,ELECTORS FOR PRESIDENT AND VICE PRESIDENT,,18,18,5,CHRIS GARRITY | CODY BALLARD,IND,2,3,33,38,,
11/5/2024,DEWEY,DEWEY COUNTY,10001,ELECTORS FOR PRESIDENT AND VICE PRESIDENT,,9,9,1,CHASE OLIVER | MIKE TER MAAT,LIB,1,0,1,2,,
11/5/2024,DEWEY,DEWEY COUNTY,10001,ELECTORS FOR PRESIDENT AND VICE PRESIDENT,,9,9,2,DONALD J. TRUMP | JD VANCE,REP,71,258,1655,1984,,
11/5/2024,DEWEY,DEWEY COUNTY,10001,ELECTORS FOR PRESIDENT AND VICE PRESIDENT,,9,9,3,KAMALA D. HARRIS | TIM WALZ,DEM,27,25,157,209,,
11/5/2024,DEWEY,DEWEY COUNTY,10001,ELECTORS FOR PRESIDENT AND VICE PRESIDENT,,9,9,4,ROBERT F. KENNEDY JR. | NICOLE SHANAHAN,IND,0,2,14,16,,
11/5/2024,DEWEY,DEWEY COUNTY,10001,ELECTORS FOR PRESIDENT AND VICE PRESIDENT,,9,9,5,CHRIS GARRITY | CODY BALLARD,IND,0,2,2,4,,
11/5/2024,ELLIS,ELLIS COUNTY,10001,ELECTORS FOR PRESIDENT AND VICE PRESIDENT,,7,7,1,CHASE OLIVER | MIKE TER MAAT,LIB,0,1,14,15,,
11/5/2024,ELLIS,ELLIS COUNTY,10001,ELECTORS FOR PRESIDENT AND VICE PRESIDENT,,7,7,2,DONALD J. TRUMP | JD VANCE,REP,51,294,1240,1585,,
11/5/2024,ELLIS,ELLIS COUNTY,10001,ELECTORS FOR PRESIDENT AND VICE PRESIDENT,,7,7,3,KAMALA D. HARRIS | TIM WALZ,DEM,16,35,146,197,,
11/5/2024,ELLIS,ELLIS COUNTY,10001,ELECTORS FOR PRESIDENT AND VICE PRESIDENT,,7,7,4,ROBERT F. KENNEDY JR. | NICOLE SHANAHAN,IND,1,3,6,10,,
11/5/2024,ELLIS,ELLIS COUNTY,10001,ELECTORS FOR PRESIDENT AND VICE PRESIDENT,,7,7,5,CHRIS GARRITY | CODY BALLARD,IND,0,1,4,5,,
11/5/2024,GARFIELD,GARFIELD COUNTY,10001,ELECTORS FOR PRESIDENT AND VICE PRESIDENT,,29,29,1,CHASE OLIVER | MIKE TER MAAT,LIB,9,13,87,109,,
11/5/2024,GARFIELD,GARFIELD COUNTY,10001,ELECTORS FOR PRESIDENT AND VICE PRESIDENT,,29,29,2,DONALD J. TRUMP | JD VANCE,REP,666,3124,12803,16593,,
11/5/2024,GARFIELD,GARFIELD COUNTY,10001,ELECTORS FOR PRESIDENT AND VICE PRESIDENT,,29,29,3,KAMALA D. HARRIS | TIM WALZ,DEM,446,1032,3371,4849,,
11/5/2024,GARFIELD,GARFIELD COUNTY,10001,ELECTORS FOR PRESIDENT AND VICE PRESIDENT,,29,29,4,ROBERT F. KENNEDY JR. | NICOLE SHANAHAN,IND,6,17,209,232,,
11/5/2024,GARFIELD,GARFIELD COUNTY,10001,ELECTORS FOR PRESIDENT AND VICE PRESIDENT,,29,29,5,CHRIS GARRITY | CODY BALLARD,IND,5,7,49,61,,
11/5/2024,GARVIN,GARVIN COUNTY,10001,ELECTORS FOR PRESIDENT AND VICE PRESIDENT,,17,17,1,CHASE OLIVER | MIKE TER MAAT,LIB,1,6,27,34,,
11/5/2024,GARVIN,GARVIN COUNTY,10001,ELECTORS FOR PRESIDENT AND VICE PRESIDENT,,17,17,2,DONALD J. TRUMP | JD VANCE,REP,238,1956,6869,9063,,
11/5/2024,GARVIN,GARVIN COUNTY,10001,ELECTORS FOR PRESIDENT AND VICE PRESIDENT,,17,17,3,KAMALA D. HARRIS | TIM WALZ,DEM,97,453,1252,1802,,
11/5/2024,GARVIN,GARVIN COUNTY,10001,ELECTORS FOR PRESIDENT AND VICE PRESIDENT,,17,17,4,ROBERT F. KENNEDY JR. | NICOLE SHANAHAN,IND,4,10,62,76,,
11/5/2024,GARVIN,GARVIN COUNTY,10001,ELECTORS FOR PRESIDENT AND VICE PRESIDENT,,17,17,5,CHRIS GARRITY | CODY BALLARD,IND,0,5,11,16,,
11/5/2024,GRADY,GRADY COUNTY,10001,ELECTORS FOR PRESIDENT AND VICE PRESIDENT,,28,28,1,CHASE OLIVER | MIKE TER MAAT,LIB,11,17,74,102,,
11/5/2024,GRADY,GRADY COUNTY,10001,ELECTORS FOR PRESIDENT AND VICE PRESIDENT,,28,28,2,DONALD J. TRUMP | JD VANCE,REP,889,3302,16187,20378,,
11/5/2024,GRADY,GRADY COUNTY,10001,ELECTORS FOR PRESIDENT AND VICE PRESIDENT,,28,28,3,KAMALA D. HARRIS | TIM WALZ,DEM,447,758,3331,4536,,
11/5/2024,GRADY,GRADY COUNTY,10001,ELECTORS FOR PRESIDENT AND VICE PRESIDENT,,28,28,4,ROBERT F. KENNEDY JR. | NICOLE SHANAHAN,IND,10,19,182,211,,
11/5/2024,GRADY,GRADY COUNTY,10001,ELECTORS FOR PRESIDENT AND VICE PRESIDENT,,28,28,5,CHRIS GARRITY | CODY BALLARD,IND,6,1,49,56,,
11/5/2024,GRANT,GRANT COUNTY,10001,ELECTORS FOR PRESIDENT AND VICE PRESIDENT,,7,7,1,CHASE OLIVER | MIKE TER MAAT,LIB,0,0,6,6,,
11/5/2024,GRANT,GRANT COUNTY,10001,ELECTORS FOR PRESIDENT AND VICE PRESIDENT,,7,7,2,DONALD J. TRUMP | JD VANCE,REP,58,255,1481,1794,,
11/5/2024,GRANT,GRANT COUNTY,10001,ELECTORS FOR PRESIDENT AND VICE PRESIDENT,,7,7,3,KAMALA D. HARRIS | TIM WALZ,DEM,18,47,230,295,,
11/5/2024,GRANT,GRANT COUNTY,10001,ELECTORS FOR PRESIDENT AND VICE PRESIDENT,,7,7,4,ROBERT F. KENNEDY JR. | NICOLE SHANAHAN,IND,1,6,17,24,,
11/5/2024,GRANT,GRANT COUNTY,10001,ELECTORS FOR PRESIDENT AND VICE PRESIDENT,,7,7,5,CHRIS GARRITY | CODY BALLARD,IND,0,3,3,6,,
11/5/2024,GREER,GREER COUNTY,10001,ELECTORS FOR PRESIDENT AND VICE PRESIDENT,,6,6,1,CHASE OLIVER | MIKE TER MAAT,LIB,0,1,1,2,,
11/5/2024,GREER,GREER COUNTY,10001,ELECTORS FOR PRESIDENT AND VICE PRESIDENT,,6,6,2,DONALD J. TRUMP | JD VANCE,REP,25,431,1055,1511,,
11/5/2024,GREER,GREER COUNTY,10001,ELECTORS FOR PRESIDENT AND VICE PRESIDENT,,6,6,3,KAMALA D. HARRIS | TIM WALZ,DEM,17,86,201,304,,
11/5/2024,GREER,GREER COUNTY,10001,ELECTORS FOR PRESIDENT AND VICE PRESIDENT,,6,6,4,ROBERT F. KENNEDY JR. | NICOLE SHANAHAN,IND,0,2,14,16,,
11/5/2024,GREER,GREER COUNTY,10001,ELECTORS FOR PRESIDENT AND VICE PRESIDENT,,6,6,5,CHRIS GARRITY | CODY BALLARD,IND,0,1,2,3,,
11/5/2024,HARMON,HARMON COUNTY,10001,ELECTORS FOR PRESIDENT AND VICE PRESIDENT,,6,6,1,CHASE OLIVER | MIKE TER MAAT,LIB,0,0,4,4,,
11/5/2024,HARMON,HARMON COUNTY,10001,ELECTORS FOR PRESIDENT AND VICE PRESIDENT,,6,6,2,DONALD J. TRUMP | JD VANCE,REP,15,247,447,709,,
11/5/2024,HARMON,HARMON COUNTY,10001,ELECTORS FOR PRESIDENT AND VICE PRESIDENT,,6,6,3,KAMALA D. HARRIS | TIM WALZ,DEM,5,58,102,165,,
11/5/2024,HARMON,HARMON COUNTY,10001,ELECTORS FOR PRESIDENT AND VICE PRESIDENT,,6,6,4,ROBERT F. KENNEDY JR. | NICOLE SHANAHAN,IND,0,0,3,3,,
11/5/2024,HARMON,HARMON COUNTY,10001,ELECTORS FOR PRESIDENT AND VICE PRESIDENT,,6,6,5,CHRIS GARRITY | CODY BALLARD,IND,0,1,0,1,,
11/5/2024,HARPER,HARPER COUNTY,10001,ELECTORS FOR PRESIDENT AND VICE PRESIDENT,,6,6,1,CHASE OLIVER | MIKE TER MAAT,LIB,1,0,6,7,,
11/5/2024,HARPER,HARPER COUNTY,10001,ELECTORS FOR PRESIDENT AND VICE PRESIDENT,,6,6,2,DONALD J. TRUMP | JD VANCE,REP,59,243,982,1284,,
11/5/2024,HARPER,HARPER COUNTY,10001,ELECTORS FOR PRESIDENT AND VICE PRESIDENT,,6,6,3,KAMALA D. HARRIS | TIM WALZ,DEM,20,17,110,147,,
11/5/2024,HARPER,HARPER COUNTY,10001,ELECTORS FOR PRESIDENT AND VICE PRESIDENT,,6,6,4,ROBERT F. KENNEDY JR. | NICOLE SHANAHAN,IND,1,2,8,11,,
11/5/2024,HARPER,HARPER COUNTY,10001,ELECTORS FOR PRESIDENT AND VICE PRESIDENT,,6,6,5,CHRIS GARRITY | CODY BALLARD,IND,0,0,2,2,,
11/5/2024,HASKELL,HASKELL COUNTY,10001,ELECTORS FOR PRESIDENT AND VICE PRESIDENT,,10,10,1,CHASE OLIVER | MIKE TER MAAT,LIB,3,9,12,24,,
11/5/2024,HASKELL,HASKELL COUNTY,10001,ELECTORS FOR PRESIDENT AND VICE PRESIDENT,,10,10,2,DONALD J. TRUMP | JD VANCE,REP,70,1215,2871,4156,,
11/5/2024,HASKELL,HASKELL COUNTY,10001,ELECTORS FOR PRESIDENT AND VICE PRESIDENT,,10,10,3,KAMALA D. HARRIS | TIM WALZ,DEM,38,210,470,718,,
11/5/2024,HASKELL,HASKELL COUNTY,10001,ELECTORS FOR PRESIDENT AND VICE PRESIDENT,,10,10,4,ROBERT F. KENNEDY JR. | NICOLE SHANAHAN,IND,0,5,22,27,,
11/5/2024,HASKELL,HASKELL COUNTY,10001,ELECTORS FOR PRESIDENT AND VICE PRESIDENT,,10,10,5,CHRIS GARRITY | CODY BALLARD,IND,1,2,8,11,,
11/5/2024,HUGHES,HUGHES COUNTY,10001,ELECTORS FOR PRESIDENT AND VICE PRESIDENT,,15,15,1,CHASE OLIVER | MIKE TER MAAT,LIB,1,3,10,14,,
11/5/2024,HUGHES,HUGHES COUNTY,10001,ELECTORS FOR PRESIDENT AND VICE PRESIDENT,,15,15,2,DONALD J. TRUMP | JD VANCE,REP,95,648,3001,3744,,
11/5/2024,HUGHES,HUGHES COUNTY,10001,ELECTORS FOR PRESIDENT AND VICE PRESIDENT,,15,15,3,KAMALA D. HARRIS | TIM WALZ,DEM,34,158,639,831,,
11/5/2024,HUGHES,HUGHES COUNTY,10001,ELECTORS FOR PRESIDENT AND VICE PRESIDENT,,15,15,4,ROBERT F. KENNEDY JR. | NICOLE SHANAHAN,IND,0,5,49,54,,
11/5/2024,HUGHES,HUGHES COUNTY,10001,ELECTORS FOR PRESIDENT AND VICE PRESIDENT,,15,15,5,CHRIS GARRITY | CODY BALLARD,IND,1,3,12,16,,
11/5/2024,JACKSON,JACKSON COUNTY,10001,ELECTORS FOR PRESIDENT AND VICE PRESIDENT,,15,15,1,CHASE OLIVER | MIKE TER MAAT,LIB,2,6,42,50,,
11/5/2024,JACKSON,JACKSON COUNTY,10001,ELECTORS FOR PRESIDENT AND VICE PRESIDENT,,15,15,2,DONALD J. TRUMP | JD VANCE,REP,177,1820,4298,6295,,
11/5/2024,JACKSON,JACKSON COUNTY,10001,ELECTORS FOR PRESIDENT AND VICE PRESIDENT,,15,15,3,KAMALA D. HARRIS | TIM WALZ,DEM,120,447,1035,1602,,
11/5/2024,JACKSON,JACKSON COUNTY,10001,ELECTORS FOR PRESIDENT AND VICE PRESIDENT,,15,15,4,ROBERT F. KENNEDY JR. | NICOLE SHANAHAN,IND,3,11,69,83,,
11/5/2024,JACKSON,JACKSON COUNTY,10001,ELECTORS FOR PRESIDENT AND VICE PRESIDENT,,15,15,5,CHRIS GARRITY | CODY BALLARD,IND,2,1,20,23,,
11/5/2024,JEFFERSON,JEFFERSON COUNTY,10001,ELECTORS FOR PRESIDENT AND VICE PRESIDENT,,9,9,1,CHASE OLIVER | MIKE TER MAAT,LIB,0,1,9,10,,
11/5/2024,JEFFERSON,JEFFERSON COUNTY,10001,ELECTORS FOR PRESIDENT AND VICE PRESIDENT,,9,9,2,DONALD J. TRUMP | JD VANCE,REP,28,503,1489,2020,,
11/5/2024,JEFFERSON,JEFFERSON COUNTY,10001,ELECTORS FOR PRESIDENT AND VICE PRESIDENT,,9,9,3,KAMALA D. HARRIS | TIM WALZ,DEM,15,65,239,319,,
11/5/2024,JEFFERSON,JEFFERSON COUNTY,10001,ELECTORS FOR PRESIDENT AND VICE PRESIDENT,,9,9,4,ROBERT F. KENNEDY JR. | NICOLE SHANAHAN,IND,0,2,18,20,,
11/5/2024,JEFFERSON,JEFFERSON COUNTY,10001,ELECTORS FOR PRESIDENT AND VICE PRESIDENT,,9,9,5,CHRIS GARRITY | CODY BALLARD,IND,0,0,6,6,,
11/5/2024,JOHNSTON,JOHNSTON COUNTY,10001,ELECTORS FOR PRESIDENT AND VICE PRESIDENT,,14,14,1,CHASE OLIVER | MIKE TER MAAT,LIB,0,3,19,22,,
11/5/2024,JOHNSTON,JOHNSTON COUNTY,10001,ELECTORS FOR PRESIDENT AND VICE PRESIDENT,,14,14,2,DONALD J. TRUMP | JD VANCE,REP,45,910,2507,3462,,
11/5/2024,JOHNSTON,JOHNSTON COUNTY,10001,ELECTORS FOR PRESIDENT AND VICE PRESIDENT,,14,14,3,KAMALA D. HARRIS | TIM WALZ,DEM,22,213,449,684,,
11/5/2024,JOHNSTON,JOHNSTON COUNTY,10001,ELECTORS FOR PRESIDENT AND VICE PRESIDENT,,14,14,4,ROBERT F. KENNEDY JR. | NICOLE SHANAHAN,IND,0,7,44,51,,
11/5/2024,JOHNSTON,JOHNSTON COUNTY,10001,ELECTORS FOR PRESIDENT AND VICE PRESIDENT,,14,14,5,CHRIS GARRITY | CODY BALLARD,IND,0,0,11,11,,
11/5/2024,KAY,KAY COUNTY,10001,ELECTORS FOR PRESIDENT AND VICE PRESIDENT,,30,30,1,CHASE OLIVER | MIKE TER MAAT,LIB,5,2,69,76,,
11/5/2024,KAY,KAY COUNTY,10001,ELECTORS FOR PRESIDENT AND VICE PRESIDENT,,30,30,2,DONALD J. TRUMP | JD VANCE,REP,343,2439,9701,12483,,
11/5/2024,KAY,KAY COUNTY,10001,ELECTORS FOR PRESIDENT AND VICE PRESIDENT,,30,30,3,KAMALA D. HARRIS | TIM WALZ,DEM,261,774,3101,4136,,
11/5/2024,KAY,KAY COUNTY,10001,ELECTORS FOR PRESIDENT AND VICE PRESIDENT,,30,30,4,ROBERT F. KENNEDY JR. | NICOLE SHANAHAN,IND,3,11,157,171,,
11/5/2024,KAY,KAY COUNTY,10001,ELECTORS FOR PRESIDENT AND VICE PRESIDENT,,30,30,5,CHRIS GARRITY | CODY BALLARD,IND,1,7,39,47,,
11/5/2024,KINGFISHER,KINGFISHER COUNTY,10001,ELECTORS FOR PRESIDENT AND VICE PRESIDENT,,12,12,1,CHASE OLIVER | MIKE TER MAAT,LIB,0,7,21,28,,
11/5/2024,KINGFISHER,KINGFISHER COUNTY,10001,ELECTORS FOR PRESIDENT AND VICE PRESIDENT,,12,12,2,DONALD J. TRUMP | JD VANCE,REP,135,1652,3958,5745,,
11/5/2024,KINGFISHER,KINGFISHER COUNTY,10001,ELECTORS FOR PRESIDENT AND VICE PRESIDENT,,12,12,3,KAMALA D. HARRIS | TIM WALZ,DEM,53,270,600,923,,
11/5/2024,KINGFISHER,KINGFISHER COUNTY,10001,ELECTORS FOR PRESIDENT AND VICE PRESIDENT,,12,12,4,ROBERT F. KENNEDY JR. | NICOLE SHANAHAN,IND,1,10,35,46,,
11/5/2024,KINGFISHER,KINGFISHER COUNTY,10001,ELECTORS FOR PRESIDENT AND VICE PRESIDENT,,12,12,5,CHRIS GARRITY | CODY BALLARD,IND,1,3,8,12,,
11/5/2024,KIOWA,KIOWA COUNTY,10001,ELECTORS FOR PRESIDENT AND VICE PRESIDENT,,12,12,1,CHASE OLIVER | MIKE TER MAAT,LIB,0,0,9,9,,
11/5/2024,KIOWA,KIOWA COUNTY,10001,ELECTORS FOR PRESIDENT AND VICE PRESIDENT,,12,12,2,DONALD J. TRUMP | JD VANCE,REP,95,599,1875,2569,,
11/5/2024,KIOWA,KIOWA COUNTY,10001,ELECTORS FOR PRESIDENT AND VICE PRESIDENT,,12,12,3,KAMALA D. HARRIS | TIM WALZ,DEM,43,172,443,658,,
11/5/2024,KIOWA,KIOWA COUNTY,10001,ELECTORS FOR PRESIDENT AND VICE PRESIDENT,,12,12,4,ROBERT F. KENNEDY JR. | NICOLE SHANAHAN,IND,1,3,27,31,,
11/5/2024,KIOWA,KIOWA COUNTY,10001,ELECTORS FOR PRESIDENT AND VICE PRESIDENT,,12,12,5,CHRIS GARRITY | CODY BALLARD,IND,0,3,8,11,,
11/5/2024,LATIMER,LATIMER COUNTY,10001,ELECTORS FOR PRESIDENT AND VICE PRESIDENT,,13,13,1,CHASE OLIVER | MIKE TER MAAT,LIB,0,4,3,7,,
11/5/2024,LATIMER,LATIMER COUNTY,10001,ELECTORS FOR PRESIDENT AND VICE PRESIDENT,,13,13,2,DONALD J. TRUMP | JD VANCE,REP,77,775,2504,3356,,
11/5/2024,LATIMER,LATIMER COUNTY,10001,ELECTORS FOR PRESIDENT AND VICE PRESIDENT,,13,13,3,KAMALA D. HARRIS | TIM WALZ,DEM,39,175,467,681,,
11/5/2024,LATIMER,LATIMER COUNTY,10001,ELECTORS FOR PRESIDENT AND VICE PRESIDENT,,13,13,4,ROBERT F. KENNEDY JR. | NICOLE SHANAHAN,IND,4,4,19,27,,
11/5/2024,LATIMER,LATIMER COUNTY,10001,ELECTORS FOR PRESIDENT AND VICE PRESIDENT,,13,13,5,CHRIS GARRITY | CODY BALLARD,IND,0,0,8,8,,
11/5/2024,LEFLORE,LEFLORE COUNTY,10001,ELECTORS FOR PRESIDENT AND VICE PRESIDENT,,37,37,1,CHASE OLIVER | MIKE TER MAAT,LIB,5,9,54,68,,
11/5/2024,LEFLORE,LEFLORE COUNTY,10001,ELECTORS FOR PRESIDENT AND VICE PRESIDENT,,37,37,2,DONALD J. TRUMP | JD VANCE,REP,293,3328,11712,15333,,
11/5/2024,LEFLORE,LEFLORE COUNTY,10001,ELECTORS FOR PRESIDENT AND VICE PRESIDENT,,37,37,3,KAMALA D. HARRIS | TIM WALZ,DEM,167,783,2234,3184,,
11/5/2024,LEFLORE,LEFLORE COUNTY,10001,ELECTORS FOR PRESIDENT AND VICE PRESIDENT,,37,37,4,ROBERT F. KENNEDY JR. | NICOLE SHANAHAN,IND,3,11,105,119,,
11/5/2024,LEFLORE,LEFLORE COUNTY,10001,ELECTORS FOR PRESIDENT AND VICE PRESIDENT,,37,37,5,CHRIS GARRITY | CODY BALLARD,IND,0,3,47,50,,
11/5/2024,LINCOLN,LINCOLN COUNTY,10001,ELECTORS FOR PRESIDENT AND VICE PRESIDENT,,19,19,1,CHASE OLIVER | MIKE TER MAAT,LIB,2,10,62,74,,
11/5/2024,LINCOLN,LINCOLN COUNTY,10001,ELECTORS FOR PRESIDENT AND VICE PRESIDENT,,19,19,2,DONALD J. TRUMP | JD VANCE,REP,328,2476,9691,12495,,
11/5/2024,LINCOLN,LINCOLN COUNTY,10001,ELECTORS FOR PRESIDENT AND VICE PRESIDENT,,19,19,3,KAMALA D. HARRIS | TIM WALZ,DEM,175,561,1976,2712,,
11/5/2024,LINCOLN,LINCOLN COUNTY,10001,ELECTORS FOR PRESIDENT AND VICE PRESIDENT,,19,19,4,ROBERT F. KENNEDY JR. | NICOLE SHANAHAN,IND,6,21,116,143,,
11/5/2024,LINCOLN,LINCOLN COUNTY,10001,ELECTORS FOR PRESIDENT AND VICE PRESIDENT,,19,19,5,CHRIS GARRITY | CODY BALLARD,IND,0,6,35,41,,
11/5/2024,LOGAN,LOGAN COUNTY,10001,ELECTORS FOR PRESIDENT AND VICE PRESIDENT,,30,30,1,CHASE OLIVER | MIKE TER MAAT,LIB,12,18,116,146,,
11/5/2024,LOGAN,LOGAN COUNTY,10001,ELECTORS FOR PRESIDENT AND VICE PRESIDENT,,30,30,2,DONALD J. TRUMP | JD VANCE,REP,952,4484,12312,17748,,
11/5/2024,LOGAN,LOGAN COUNTY,10001,ELECTORS FOR PRESIDENT AND VICE PRESIDENT,,30,30,3,KAMALA D. HARRIS | TIM WALZ,DEM,709,1414,3778,5901,,
11/5/2024,LOGAN,LOGAN COUNTY,10001,ELECTORS FOR PRESIDENT AND VICE PRESIDENT,,30,30,4,ROBERT F. KENNEDY JR. | NICOLE SHANAHAN,IND,17,37,224,278,,
11/5/2024,LOGAN,LOGAN COUNTY,10001,ELECTORS FOR PRESIDENT AND VICE PRESIDENT,,30,30,5,CHRIS GARRITY | CODY BALLARD,IND,7,6,63,76,,
11/5/2024,LOVE,LOVE COUNTY,10001,ELECTORS FOR PRESIDENT AND VICE PRESIDENT,,10,10,1,CHASE OLIVER | MIKE TER MAAT,LIB,0,1,12,13,,
11/5/2024,LOVE,LOVE COUNTY,10001,ELECTORS FOR PRESIDENT AND VICE PRESIDENT,,10,10,2,DONALD J. TRUMP | JD VANCE,REP,50,1034,2426,3510,,
11/5/2024,LOVE,LOVE COUNTY,10001,ELECTORS FOR PRESIDENT AND VICE PRESIDENT,,10,10,3,KAMALA D. HARRIS | TIM WALZ,DEM,18,228,443,689,,
11/5/2024,LOVE,LOVE COUNTY,10001,ELECTORS FOR PRESIDENT AND VICE PRESIDENT,,10,10,4,ROBERT F. KENNEDY JR. | NICOLE SHANAHAN,IND,1,4,29,34,,
11/5/2024,LOVE,LOVE COUNTY,10001,ELECTORS FOR PRESIDENT AND VICE PRESIDENT,,10,10,5,CHRIS GARRITY | CODY BALLARD,IND,1,2,11,14,,
11/5/2024,MCCLAIN,MCCLAIN COUNTY,10001,ELECTORS FOR PRESIDENT AND VICE PRESIDENT,,26,26,1,CHASE OLIVER | MIKE TER MAAT,LIB,9,8,72,89,,
11/5/2024,MCCLAIN,MCCLAIN COUNTY,10001,ELECTORS FOR PRESIDENT AND VICE PRESIDENT,,26,26,2,DONALD J. TRUMP | JD VANCE,REP,711,2486,13808,17005,,
11/5/2024,MCCLAIN,MCCLAIN COUNTY,10001,ELECTORS FOR PRESIDENT AND VICE PRESIDENT,,26,26,3,KAMALA D. HARRIS | TIM WALZ,DEM,401,643,2987,4031,,
11/5/2024,MCCLAIN,MCCLAIN COUNTY,10001,ELECTORS FOR PRESIDENT AND VICE PRESIDENT,,26,26,4,ROBERT F. KENNEDY JR. | NICOLE SHANAHAN,IND,10,12,198,220,,
11/5/2024,MCCLAIN,MCCLAIN COUNTY,10001,ELECTORS FOR PRESIDENT AND VICE PRESIDENT,,26,26,5,CHRIS GARRITY | CODY BALLARD,IND,4,2,46,52,,
11/5/2024,MCCURTAIN,MCCURTAIN COUNTY,10001,ELECTORS FOR PRESIDENT AND VICE PRESIDENT,,30,30,1,CHASE OLIVER | MIKE TER MAAT,LIB,1,1,31,33,,
11/5/2024,MCCURTAIN,MCCURTAIN COUNTY,10001,ELECTORS FOR PRESIDENT AND VICE PRESIDENT,,30,30,2,DONALD J. TRUMP | JD VANCE,REP,175,1761,7549,9485,,
11/5/2024,MCCURTAIN,MCCURTAIN COUNTY,10001,ELECTORS FOR PRESIDENT AND VICE PRESIDENT,,30,30,3,KAMALA D. HARRIS | TIM WALZ,DEM,79,367,1250,1696,,
11/5/2024,MCCURTAIN,MCCURTAIN COUNTY,10001,ELECTORS FOR PRESIDENT AND VICE PRESIDENT,,30,30,4,ROBERT F. KENNEDY JR. | NICOLE SHANAHAN,IND,0,11,66,77,,
11/5/2024,MCCURTAIN,MCCURTAIN COUNTY,10001,ELECTORS FOR PRESIDENT AND VICE PRESIDENT,,30,30,5,CHRIS GARRITY | CODY BALLARD,IND,1,1,16,18,,
11/5/2024,MCINTOSH,MCINTOSH COUNTY,10001,ELECTORS FOR PRESIDENT AND VICE PRESIDENT,,15,15,1,CHASE OLIVER | MIKE TER MAAT,LIB,1,4,23,28,,
11/5/2024,MCINTOSH,MCINTOSH COUNTY,10001,ELECTORS FOR PRESIDENT AND VICE PRESIDENT,,15,15,2,DONALD J. TRUMP | JD VANCE,REP,167,1121,5099,6387,,
11/5/2024,MCINTOSH,MCINTOSH COUNTY,10001,ELECTORS FOR PRESIDENT AND VICE PRESIDENT,,15,15,3,KAMALA D. HARRIS | TIM WALZ,DEM,111,342,1484,1937,,
11/5/2024,MCINTOSH,MCINTOSH COUNTY,10001,ELECTORS FOR PRESIDENT AND VICE PRESIDENT,,15,15,4,ROBERT F. KENNEDY JR. | NICOLE SHANAHAN,IND,1,4,58,63,,
11/5/2024,MCINTOSH,MCINTOSH COUNTY,10001,ELECTORS FOR PRESIDENT AND VICE PRESIDENT,,15,15,5,CHRIS GARRITY | CODY BALLARD,IND,0,7,17,24,,
11/5/2024,MAJOR,MAJOR COUNTY,10001,ELECTORS FOR PRESIDENT AND VICE PRESIDENT,,8,8,1,CHASE OLIVER | MIKE TER MAAT,LIB,0,4,11,15,,
11/5/2024,MAJOR,MAJOR COUNTY,10001,ELECTORS FOR PRESIDENT AND VICE PRESIDENT,,8,8,2,DONALD J. TRUMP | JD VANCE,REP,126,777,2184,3087,,
11/5/2024,MAJOR,MAJOR COUNTY,10001,ELECTORS FOR PRESIDENT AND VICE PRESIDENT,,8,8,3,KAMALA D. HARRIS | TIM WALZ,DEM,26,97,204,327,,
11/5/2024,MAJOR,MAJOR COUNTY,10001,ELECTORS FOR PRESIDENT AND VICE PRESIDENT,,8,8,4,ROBERT F. KENNEDY JR. | NICOLE SHANAHAN,IND,3,6,27,36,,
11/5/2024,MAJOR,MAJOR COUNTY,10001,ELECTORS FOR PRESIDENT AND VICE PRESIDENT,,8,8,5,CHRIS GARRITY | CODY BALLARD,IND,1,4,8,13,,
11/5/2024,MARSHALL,MARSHALL COUNTY,10001,ELECTORS FOR PRESIDENT AND VICE PRESIDENT,,9,9,1,CHASE OLIVER | MIKE TER MAAT,LIB,0,9,14,23,,
11/5/2024,MARSHALL,MARSHALL COUNTY,10001,ELECTORS FOR PRESIDENT AND VICE PRESIDENT,,9,9,2,DONALD J. TRUMP | JD VANCE,REP,141,1802,3405,5348,,
11/5/2024,MARSHALL,MARSHALL COUNTY,10001,ELECTORS FOR PRESIDENT AND VICE PRESIDENT,,9,9,3,KAMALA D. HARRIS | TIM WALZ,DEM,79,417,673,1169,,
11/5/2024,MARSHALL,MARSHALL COUNTY,10001,ELECTORS FOR PRESIDENT AND VICE PRESIDENT,,9,9,4,ROBERT F. KENNEDY JR. | NICOLE SHANAHAN,IND,0,3,32,35,,
11/5/2024,MARSHALL,MARSHALL COUNTY,10001,ELECTORS FOR PRESIDENT AND VICE PRESIDENT,,9,9,5,CHRIS GARRITY | CODY BALLARD,IND,0,4,10,14,,
11/5/2024,MAYES,MAYES COUNTY,10001,ELECTORS FOR PRESIDENT AND VICE PRESIDENT,,25,25,1,CHASE OLIVER | MIKE TER MAAT,LIB,2,12,61,75,,
11/5/2024,MAYES,MAYES COUNTY,10001,ELECTORS FOR PRESIDENT AND VICE PRESIDENT,,25,25,2,DONALD J. TRUMP | JD VANCE,REP,310,2556,10648,13514,,
11/5/2024,MAYES,MAYES COUNTY,10001,ELECTORS FOR PRESIDENT AND VICE PRESIDENT,,25,25,3,KAMALA D. HARRIS | TIM WALZ,DEM,211,744,2574,3529,,
11/5/2024,MAYES,MAYES COUNTY,10001,ELECTORS FOR PRESIDENT AND VICE PRESIDENT,,25,25,4,ROBERT F. KENNEDY JR. | NICOLE SHANAHAN,IND,7,15,169,191,,
11/5/2024,MAYES,MAYES COUNTY,10001,ELECTORS FOR PRESIDENT AND VICE PRESIDENT,,25,25,5,CHRIS GARRITY | CODY BALLARD,IND,3,3,59,65,,
11/5/2024,MURRAY,MURRAY COUNTY,10001,ELECTORS FOR PRESIDENT AND VICE PRESIDENT,,10,10,1,CHASE OLIVER | MIKE TER MAAT,LIB,3,6,26,35,,
11/5/2024,MURRAY,MURRAY COUNTY,10001,ELECTORS FOR PRESIDENT AND VICE PRESIDENT,,10,10,2,DONALD J. TRUMP | JD VANCE,REP,127,1731,2831,4689,,
11/5/2024,MURRAY,MURRAY COUNTY,10001,ELECTORS FOR PRESIDENT AND VICE PRESIDENT,,10,10,3,KAMALA D. HARRIS | TIM WALZ,DEM,67,383,630,1080,,
11/5/2024,MURRAY,MURRAY COUNTY,10001,ELECTORS FOR PRESIDENT AND VICE PRESIDENT,,10,10,4,ROBERT F. KENNEDY JR. | NICOLE SHANAHAN,IND,2,14,49,65,,
11/5/2024,MURRAY,MURRAY COUNTY,10001,ELECTORS FOR PRESIDENT AND VICE PRESIDENT,,10,10,5,CHRIS GARRITY | CODY BALLARD,IND,0,6,10,16,,
11/5/2024,MUSKOGEE,MUSKOGEE COUNTY,10001,ELECTORS FOR PRESIDENT AND VICE PRESIDENT,,39,39,1,CHASE OLIVER | MIKE TER MAAT,LIB,5,15,85,105,,
11/5/2024,MUSKOGEE,MUSKOGEE COUNTY,10001,ELECTORS FOR PRESIDENT AND VICE PRESIDENT,,39,39,2,DONALD J. TRUMP | JD VANCE,REP,379,2394,13777,16550,,
11/5/2024,MUSKOGEE,MUSKOGEE COUNTY,10001,ELECTORS FOR PRESIDENT AND VICE PRESIDENT,,39,39,3,KAMALA D. HARRIS | TIM WALZ,DEM,409,1488,5503,7400,,
11/5/2024,MUSKOGEE,MUSKOGEE COUNTY,10001,ELECTORS FOR PRESIDENT AND VICE PRESIDENT,,39,39,4,ROBERT F. KENNEDY JR. | NICOLE SHANAHAN,IND,3,30,207,240,,
11/5/2024,MUSKOGEE,MUSKOGEE COUNTY,10001,ELECTORS FOR PRESIDENT AND VICE PRESIDENT,,39,39,5,CHRIS GARRITY | CODY BALLARD,IND,0,7,55,62,,
11/5/2024,NOBLE,NOBLE COUNTY,10001,ELECTORS FOR PRESIDENT AND VICE PRESIDENT,,11,11,1,CHASE OLIVER | MIKE TER MAAT,LIB,3,9,16,28,,
11/5/2024,NOBLE,NOBLE COUNTY,10001,ELECTORS FOR PRESIDENT AND VICE PRESIDENT,,11,11,2,DONALD J. TRUMP | JD VANCE,REP,93,1055,2705,3853,,
11/5/2024,NOBLE,NOBLE COUNTY,10001,ELECTORS FOR PRESIDENT AND VICE PRESIDENT,,11,11,3,KAMALA D. HARRIS | TIM WALZ,DEM,42,303,664,1009,,
11/5/2024,NOBLE,NOBLE COUNTY,10001,ELECTORS FOR PRESIDENT AND VICE PRESIDENT,,11,11,4,ROBERT F. KENNEDY JR. | NICOLE SHANAHAN,IND,3,10,38,51,,
11/5/2024,NOBLE,NOBLE COUNTY,10001,ELECTORS FOR PRESIDENT AND VICE PRESIDENT,,11,11,5,CHRIS GARRITY | CODY BALLARD,IND,2,1,13,16,,
11/5/2024,NOWATA,NOWATA COUNTY,10001,ELECTORS FOR PRESIDENT AND VICE PRESIDENT,,12,12,1,CHASE OLIVER | MIKE TER MAAT,LIB,2,3,15,20,,
11/5/2024,NOWATA,NOWATA COUNTY,10001,ELECTORS FOR PRESIDENT AND VICE PRESIDENT,,12,12,2,DONALD J. TRUMP | JD VANCE,REP,66,892,2816,3774,,
11/5/2024,NOWATA,NOWATA COUNTY,10001,ELECTORS FOR PRESIDENT AND VICE PRESIDENT,,12,12,3,KAMALA D. HARRIS | TIM WALZ,DEM,32,195,493,720,,
11/5/2024,NOWATA,NOWATA COUNTY,10001,ELECTORS FOR PRESIDENT AND VICE PRESIDENT,,12,12,4,ROBERT F. KENNEDY JR. | NICOLE SHANAHAN,IND,2,4,35,41,,
11/5/2024,NOWATA,NOWATA COUNTY,10001,ELECTORS FOR PRESIDENT AND VICE PRESIDENT,,12,12,5,CHRIS GARRITY | CODY BALLARD,IND,0,3,3,6,,
11/5/2024,OKFUSKEE,OKFUSKEE COUNTY,10001,ELECTORS FOR PRESIDENT AND VICE PRESIDENT,,13,13,1,CHASE OLIVER | MIKE TER MAAT,LIB,1,1,13,15,,
11/5/2024,OKFUSKEE,OKFUSKEE COUNTY,10001,ELECTORS FOR PRESIDENT AND VICE PRESIDENT,,13,13,2,DONALD J. TRUMP | JD VANCE,REP,57,634,2389,3080,,
11/5/2024,OKFUSKEE,OKFUSKEE COUNTY,10001,ELECTORS FOR PRESIDENT AND VICE PRESIDENT,,13,13,3,KAMALA D. HARRIS | TIM WALZ,DEM,41,170,643,854,,
11/5/2024,OKFUSKEE,OKFUSKEE COUNTY,10001,ELECTORS FOR PRESIDENT AND VICE PRESIDENT,,13,13,4,ROBERT F. KENNEDY JR. | NICOLE SHANAHAN,IND,0,2,23,25,,
11/5/2024,OKFUSKEE,OKFUSKEE COUNTY,10001,ELECTORS FOR PRESIDENT AND VICE PRESIDENT,,13,13,5,CHRIS GARRITY | CODY BALLARD,IND,2,0,12,14,,
11/5/2024,OKLAHOMA,OKLAHOMA COUNTY,10001,ELECTORS FOR PRESIDENT AND VICE PRESIDENT,,290,290,1,CHASE OLIVER | MIKE TER MAAT,LIB,237,117,1815,2169,,
11/5/2024,OKLAHOMA,OKLAHOMA COUNTY,10001,ELECTORS FOR PRESIDENT AND VICE PRESIDENT,,290,290,2,DONALD J. TRUMP | JD VANCE,REP,14778,14804,114036,143618,,
11/5/2024,OKLAHOMA,OKLAHOMA COUNTY,10001,ELECTORS FOR PRESIDENT AND VICE PRESIDENT,,290,290,3,KAMALA D. HARRIS | TIM WALZ,DEM,19193,15892,103684,138769,,
11/5/2024,OKLAHOMA,OKLAHOMA COUNTY,10001,ELECTORS FOR PRESIDENT AND VICE PRESIDENT,,290,290,4,ROBERT F. KENNEDY JR. | NICOLE SHANAHAN,IND,254,133,2834,3221,,
11/5/2024,OKLAHOMA,OKLAHOMA COUNTY,10001,ELECTORS FOR PRESIDENT AND VICE PRESIDENT,,290,290,5,CHRIS GARRITY | CODY BALLARD,IND,136,49,961,1146,,
11/5/2024,OKMULGEE,OKMULGEE COUNTY,10001,ELECTORS FOR PRESIDENT AND VICE PRESIDENT,,25,25,1,CHASE OLIVER | MIKE TER MAAT,LIB,3,8,61,72,,
11/5/2024,OKMULGEE,OKMULGEE COUNTY,10001,ELECTORS FOR PRESIDENT AND VICE PRESIDENT,,25,25,2,DONALD J. TRUMP | JD VANCE,REP,269,1833,7998,10100,,
11/5/2024,OKMULGEE,OKMULGEE COUNTY,10001,ELECTORS FOR PRESIDENT AND VICE PRESIDENT,,25,25,3,KAMALA D. HARRIS | TIM WALZ,DEM,189,841,2949,3979,,
11/5/2024,OKMULGEE,OKMULGEE COUNTY,10001,ELECTORS FOR PRESIDENT AND VICE PRESIDENT,,25,25,4,ROBERT F. KENNEDY JR. | NICOLE SHANAHAN,IND,5,13,133,151,,
11/5/2024,OKMULGEE,OKMULGEE COUNTY,10001,ELECTORS FOR PRESIDENT AND VICE PRESIDENT,,25,25,5,CHRIS GARRITY | CODY BALLARD,IND,2,2,43,47,,
11/5/2024,OSAGE,OSAGE COUNTY,10001,ELECTORS FOR PRESIDENT AND VICE PRESIDENT,,28,28,1,CHASE OLIVER | MIKE TER MAAT,LIB,6,18,73,97,,
11/5/2024,OSAGE,OSAGE COUNTY,10001,ELECTORS FOR PRESIDENT AND VICE PRESIDENT,,28,28,2,DONALD J. TRUMP | JD VANCE,REP,470,3555,10379,14404,,
11/5/2024,OSAGE,OSAGE COUNTY,10001,ELECTORS FOR PRESIDENT AND VICE PRESIDENT,,28,28,3,KAMALA D. HARRIS | TIM WALZ,DEM,645,1268,3954,5867,,
11/5/2024,OSAGE,OSAGE COUNTY,10001,ELECTORS FOR PRESIDENT AND VICE PRESIDENT,,28,28,4,ROBERT F. KENNEDY JR. | NICOLE SHANAHAN,IND,5,28,174,207,,
11/5/2024,OSAGE,OSAGE COUNTY,10001,ELECTORS FOR PRESIDENT AND VICE PRESIDENT,,28,28,5,CHRIS GARRITY | CODY BALLARD,IND,4,7,42,53,,
11/5/2024,OTTAWA,OTTAWA COUNTY,10001,ELECTORS FOR PRESIDENT AND VICE PRESIDENT,,13,13,1,CHASE OLIVER | MIKE TER MAAT,LIB,1,9,33,43,,
11/5/2024,OTTAWA,OTTAWA COUNTY,10001,ELECTORS FOR PRESIDENT AND VICE PRESIDENT,,13,13,2,DONALD J. TRUMP | JD VANCE,REP,164,1779,6547,8490,,
11/5/2024,OTTAWA,OTTAWA COUNTY,10001,ELECTORS FOR PRESIDENT AND VICE PRESIDENT,,13,13,3,KAMALA D. HARRIS | TIM WALZ,DEM,136,573,1802,2511,,
11/5/2024,OTTAWA,OTTAWA COUNTY,10001,ELECTORS FOR PRESIDENT AND VICE PRESIDENT,,13,13,4,ROBERT F. KENNEDY JR. | NICOLE SHANAHAN,IND,4,13,89,106,,
11/5/2024,OTTAWA,OTTAWA COUNTY,10001,ELECTORS FOR PRESIDENT AND VICE PRESIDENT,,13,13,5,CHRIS GARRITY | CODY BALLARD,IND,2,2,24,28,,
11/5/2024,PAWNEE,PAWNEE COUNTY,10001,ELECTORS FOR PRESIDENT AND VICE PRESIDENT,,10,10,1,CHASE OLIVER | MIKE TER MAAT,LIB,1,5,31,37,,
11/5/2024,PAWNEE,PAWNEE COUNTY,10001,ELECTORS FOR PRESIDENT AND VICE PRESIDENT,,10,10,2,DONALD J. TRUMP | JD VANCE,REP,120,901,4384,5405,,
11/5/2024,PAWNEE,PAWNEE COUNTY,10001,ELECTORS FOR PRESIDENT AND VICE PRESIDENT,,10,10,3,KAMALA D. HARRIS | TIM WALZ,DEM,89,262,1004,1355,,
11/5/2024,PAWNEE,PAWNEE COUNTY,10001,ELECTORS FOR PRESIDENT AND VICE PRESIDENT,,10,10,4,ROBERT F. KENNEDY JR. | NICOLE SHANAHAN,IND,1,4,51,56,,
11/5/2024,PAWNEE,PAWNEE COUNTY,10001,ELECTORS FOR PRESIDENT AND VICE PRESIDENT,,10,10,5,CHRIS GARRITY | CODY BALLARD,IND,2,3,22,27,,
11/5/2024,PAYNE,PAYNE COUNTY,10001,ELECTORS FOR PRESIDENT AND VICE PRESIDENT,,30,30,1,CHASE OLIVER | MIKE TER MAAT,LIB,9,45,219,273,,
11/5/2024,PAYNE,PAYNE COUNTY,10001,ELECTORS FOR PRESIDENT AND VICE PRESIDENT,,30,30,2,DONALD J. TRUMP | JD VANCE,REP,615,4514,12833,17962,,
11/5/2024,PAYNE,PAYNE COUNTY,10001,ELECTORS FOR PRESIDENT AND VICE PRESIDENT,,30,30,3,KAMALA D. HARRIS | TIM WALZ,DEM,791,3289,6480,10560,,
11/5/2024,PAYNE,PAYNE COUNTY,10001,ELECTORS FOR PRESIDENT AND VICE PRESIDENT,,30,30,4,ROBERT F. KENNEDY JR. | NICOLE SHANAHAN,IND,8,58,280,346,,
11/5/2024,PAYNE,PAYNE COUNTY,10001,ELECTORS FOR PRESIDENT AND VICE PRESIDENT,,30,30,5,CHRIS GARRITY | CODY BALLARD,IND,8,26,104,138,,
11/5/2024,PITTSBURG,PITTSBURG COUNTY,10001,ELECTORS FOR PRESIDENT AND VICE PRESIDENT,,38,38,1,CHASE OLIVER | MIKE TER MAAT,LIB,5,16,49,70,,
11/5/2024,PITTSBURG,PITTSBURG COUNTY,10001,ELECTORS FOR PRESIDENT AND VICE PRESIDENT,,38,38,2,DONALD J. TRUMP | JD VANCE,REP,320,2716,10805,13841,,
11/5/2024,PITTSBURG,PITTSBURG COUNTY,10001,ELECTORS FOR PRESIDENT AND VICE PRESIDENT,,38,38,3,KAMALA D. HARRIS | TIM WALZ,DEM,188,791,2494,3473,,
11/5/2024,PITTSBURG,PITTSBURG COUNTY,10001,ELECTORS FOR PRESIDENT AND VICE PRESIDENT,,38,38,4,ROBERT F. KENNEDY JR. | NICOLE SHANAHAN,IND,7,12,130,149,,
11/5/2024,PITTSBURG,PITTSBURG COUNTY,10001,ELECTORS FOR PRESIDENT AND VICE PRESIDENT,,38,38,5,CHRIS GARRITY | CODY BALLARD,IND,1,5,33,39,,
11/5/2024,PONTOTOC,PONTOTOC COUNTY,10001,ELECTORS FOR PRESIDENT AND VICE PRESIDENT,,20,20,1,CHASE OLIVER | MIKE TER MAAT,LIB,2,10,67,79,,
11/5/2024,PONTOTOC,PONTOTOC COUNTY,10001,ELECTORS FOR PRESIDENT AND VICE PRESIDENT,,20,20,2,DONALD J. TRUMP | JD VANCE,REP,199,2164,8604,10967,,
11/5/2024,PONTOTOC,PONTOTOC COUNTY,10001,ELECTORS FOR PRESIDENT AND VICE PRESIDENT,,20,20,3,KAMALA D. HARRIS | TIM WALZ,DEM,210,1013,2672,3895,,
11/5/2024,PONTOTOC,PONTOTOC COUNTY,10001,ELECTORS FOR PRESIDENT AND VICE PRESIDENT,,20,20,4,ROBERT F. KENNEDY JR. | NICOLE SHANAHAN,IND,8,22,159,189,,
11/5/2024,PONTOTOC,PONTOTOC COUNTY,10001,ELECTORS FOR PRESIDENT AND VICE PRESIDENT,,20,20,5,CHRIS GARRITY | CODY BALLARD,IND,2,4,38,44,,
11/5/2024,POTTAWATOMIE,POTTAWATOMIE COUNTY,10001,ELECTORS FOR PRESIDENT AND VICE PRESIDENT,,31,31,1,CHASE OLIVER | MIKE TER MAAT,LIB,8,23,118,149,,
11/5/2024,POTTAWATOMIE,POTTAWATOMIE COUNTY,10001,ELECTORS FOR PRESIDENT AND VICE PRESIDENT,,31,31,2,DONALD J. TRUMP | JD VANCE,REP,881,5012,15022,20915,,
11/5/2024,POTTAWATOMIE,POTTAWATOMIE COUNTY,10001,ELECTORS FOR PRESIDENT AND VICE PRESIDENT,,31,31,3,KAMALA D. HARRIS | TIM WALZ,DEM,775,1839,4652,7266,,
11/5/2024,POTTAWATOMIE,POTTAWATOMIE COUNTY,10001,ELECTORS FOR PRESIDENT AND VICE PRESIDENT,,31,31,4,ROBERT F. KENNEDY JR. | NICOLE SHANAHAN,IND,18,47,287,352,,
11/5/2024,POTTAWATOMIE,POTTAWATOMIE COUNTY,10001,ELECTORS FOR PRESIDENT AND VICE PRESIDENT,,31,31,5,CHRIS GARRITY | CODY BALLARD,IND,15,11,66,92,,
11/5/2024,PUSHMATAHA,PUSHMATAHA COUNTY,10001,ELECTORS FOR PRESIDENT AND VICE PRESIDENT,,12,12,1,CHASE OLIVER | MIKE TER MAAT,LIB,3,4,8,15,,
11/5/2024,PUSHMATAHA,PUSHMATAHA COUNTY,10001,ELECTORS FOR PRESIDENT AND VICE PRESIDENT,,12,12,2,DONALD J. TRUMP | JD VANCE,REP,80,1061,2884,4025,,
11/5/2024,PUSHMATAHA,PUSHMATAHA COUNTY,10001,ELECTORS FOR PRESIDENT AND VICE PRESIDENT,,12,12,3,KAMALA D. HARRIS | TIM WALZ,DEM,34,209,373,616,,
11/5/2024,PUSHMATAHA,PUSHMATAHA COUNTY,10001,ELECTORS FOR PRESIDENT AND VICE PRESIDENT,,12,12,4,ROBERT F. KENNEDY JR. | NICOLE SHANAHAN,IND,1,7,33,41,,
11/5/2024,PUSHMATAHA,PUSHMATAHA COUNTY,10001,ELECTORS FOR PRESIDENT AND VICE PRESIDENT,,12,12,5,CHRIS GARRITY | CODY BALLARD,IND,1,0,4,5,,
11/5/2024,ROGER MILLS,ROGER MILLS COUNTY,10001,ELECTORS FOR PRESIDENT AND VICE PRESIDENT,,9,9,1,CHASE OLIVER | MIKE TER MAAT,LIB,0,1,3,4,,
11/5/2024,ROGER MILLS,ROGER MILLS COUNTY,10001,ELECTORS FOR PRESIDENT AND VICE PRESIDENT,,9,9,2,DONALD J. TRUMP | JD VANCE,REP,44,351,1153,1548,,
11/5/2024,ROGER MILLS,ROGER MILLS COUNTY,10001,ELECTORS FOR PRESIDENT AND VICE PRESIDENT,,9,9,3,KAMALA D. HARRIS | TIM WALZ,DEM,12,31,117,160,,
11/5/2024,ROGER MILLS,ROGER MILLS COUNTY,10001,ELECTORS FOR PRESIDENT AND VICE PRESIDENT,,9,9,4,ROBERT F. KENNEDY JR. | NICOLE SHANAHAN,IND,0,3,14,17,,
11/5/2024,ROGER MILLS,ROGER MILLS COUNTY,10001,ELECTORS FOR PRESIDENT AND VICE PRESIDENT,,9,9,5,CHRIS GARRITY | CODY BALLARD,IND,0,1,3,4,,
11/5/2024,ROGERS,ROGERS COUNTY,10001,ELECTORS FOR PRESIDENT AND VICE PRESIDENT,,38,38,1,CHASE OLIVER | MIKE TER MAAT,LIB,11,33,207,251,,
11/5/2024,ROGERS,ROGERS COUNTY,10001,ELECTORS FOR PRESIDENT AND VICE PRESIDENT,,38,38,2,DONALD J. TRUMP | JD VANCE,REP,1369,9730,24843,35942,,
11/5/2024,ROGERS,ROGERS COUNTY,10001,ELECTORS FOR PRESIDENT AND VICE PRESIDENT,,38,38,3,KAMALA D. HARRIS | TIM WALZ,DEM,949,2902,6295,10146,,
11/5/2024,ROGERS,ROGERS COUNTY,10001,ELECTORS FOR PRESIDENT AND VICE PRESIDENT,,38,38,4,ROBERT F. KENNEDY JR. | NICOLE SHANAHAN,IND,20,78,346,444,,
11/5/2024,ROGERS,ROGERS COUNTY,10001,ELECTORS FOR PRESIDENT AND VICE PRESIDENT,,38,38,5,CHRIS GARRITY | CODY BALLARD,IND,6,29,84,119,,
11/5/2024,SEMINOLE,SEMINOLE COUNTY,10001,ELECTORS FOR PRESIDENT AND VICE PRESIDENT,,11,11,1,CHASE OLIVER | MIKE TER MAAT,LIB,4,4,27,35,,
11/5/2024,SEMINOLE,SEMINOLE COUNTY,10001,ELECTORS FOR PRESIDENT AND VICE PRESIDENT,,11,11,2,DONALD J. TRUMP | JD VANCE,REP,150,1167,4634,5951,,
11/5/2024,SEMINOLE,SEMINOLE COUNTY,10001,ELECTORS FOR PRESIDENT AND VICE PRESIDENT,,11,11,3,KAMALA D. HARRIS | TIM WALZ,DEM,104,448,1399,1951,,
11/5/2024,SEMINOLE,SEMINOLE COUNTY,10001,ELECTORS FOR PRESIDENT AND VICE PRESIDENT,,11,11,4,ROBERT F. KENNEDY JR. | NICOLE SHANAHAN,IND,7,10,76,93,,
11/5/2024,SEMINOLE,SEMINOLE COUNTY,10001,ELECTORS FOR PRESIDENT AND VICE PRESIDENT,,11,11,5,CHRIS GARRITY | CODY BALLARD,IND,1,4,9,14,,
11/5/2024,SEQUOYAH,SEQUOYAH COUNTY,10001,ELECTORS FOR PRESIDENT AND VICE PRESIDENT,,25,25,1,CHASE OLIVER | MIKE TER MAAT,LIB,0,7,45,52,,
11/5/2024,SEQUOYAH,SEQUOYAH COUNTY,10001,ELECTORS FOR PRESIDENT AND VICE PRESIDENT,,25,25,2,DONALD J. TRUMP | JD VANCE,REP,266,2092,10133,12491,,
11/5/2024,SEQUOYAH,SEQUOYAH COUNTY,10001,ELECTORS FOR PRESIDENT AND VICE PRESIDENT,,25,25,3,KAMALA D. HARRIS | TIM WALZ,DEM,176,484,2247,2907,,
11/5/2024,SEQUOYAH,SEQUOYAH COUNTY,10001,ELECTORS FOR PRESIDENT AND VICE PRESIDENT,,25,25,4,ROBERT F. KENNEDY JR. | NICOLE SHANAHAN,IND,8,6,81,95,,
11/5/2024,SEQUOYAH,SEQUOYAH COUNTY,10001,ELECTORS FOR PRESIDENT AND VICE PRESIDENT,,25,25,5,CHRIS GARRITY | CODY BALLARD,IND,1,4,33,38,,
11/5/2024,STEPHENS,STEPHENS COUNTY,10001,ELECTORS FOR PRESIDENT AND VICE PRESIDENT,,28,28,1,CHASE OLIVER | MIKE TER MAAT,LIB,3,7,69,79,,
11/5/2024,STEPHENS,STEPHENS COUNTY,10001,ELECTORS FOR PRESIDENT AND VICE PRESIDENT,,28,28,2,DONALD J. TRUMP | JD VANCE,REP,431,3018,11643,15092,,
11/5/2024,STEPHENS,STEPHENS COUNTY,10001,ELECTORS FOR PRESIDENT AND VICE PRESIDENT,,28,28,3,KAMALA D. HARRIS | TIM WALZ,DEM,246,692,2298,3236,,
11/5/2024,STEPHENS,STEPHENS COUNTY,10001,ELECTORS FOR PRESIDENT AND VICE PRESIDENT,,28,28,4,ROBERT F. KENNEDY JR. | NICOLE SHANAHAN,IND,5,14,133,152,,
11/5/2024,STEPHENS,STEPHENS COUNTY,10001,ELECTORS FOR PRESIDENT AND VICE PRESIDENT,,28,28,5,CHRIS GARRITY | CODY BALLARD,IND,2,6,53,61,,
11/5/2024,TEXAS,TEXAS COUNTY,10001,ELECTORS FOR PRESIDENT AND VICE PRESIDENT,,11,11,1,CHASE OLIVER | MIKE TER MAAT,LIB,0,6,15,21,,
11/5/2024,TEXAS,TEXAS COUNTY,10001,ELECTORS FOR PRESIDENT AND VICE PRESIDENT,,11,11,2,DONALD J. TRUMP | JD VANCE,REP,151,1202,2966,4319,,
11/5/2024,TEXAS,TEXAS COUNTY,10001,ELECTORS FOR PRESIDENT AND VICE PRESIDENT,,11,11,3,KAMALA D. HARRIS | TIM WALZ,DEM,46,199,548,793,,
11/5/2024,TEXAS,TEXAS COUNTY,10001,ELECTORS FOR PRESIDENT AND VICE PRESIDENT,,11,11,4,ROBERT F. KENNEDY JR. | NICOLE SHANAHAN,IND,0,11,47,58,,
11/5/2024,TEXAS,TEXAS COUNTY,10001,ELECTORS FOR PRESIDENT AND VICE PRESIDENT,,11,11,5,CHRIS GARRITY | CODY BALLARD,IND,0,5,10,15,,
11/5/2024,TILLMAN,TILLMAN COUNTY,10001,ELECTORS FOR PRESIDENT AND VICE PRESIDENT,,8,8,1,CHASE OLIVER | MIKE TER MAAT,LIB,0,0,7,7,,
11/5/2024,TILLMAN,TILLMAN COUNTY,10001,ELECTORS FOR PRESIDENT AND VICE PRESIDENT,,8,8,2,DONALD J. TRUMP | JD VANCE,REP,30,595,1381,2006,,
11/5/2024,TILLMAN,TILLMAN COUNTY,10001,ELECTORS FOR PRESIDENT AND VICE PRESIDENT,,8,8,3,KAMALA D. HARRIS | TIM WALZ,DEM,21,133,346,500,,
11/5/2024,TILLMAN,TILLMAN COUNTY,10001,ELECTORS FOR PRESIDENT AND VICE PRESIDENT,,8,8,4,ROBERT F. KENNEDY JR. | NICOLE SHANAHAN,IND,3,3,11,17,,
11/5/2024,TILLMAN,TILLMAN COUNTY,10001,ELECTORS FOR PRESIDENT AND VICE PRESIDENT,,8,8,5,CHRIS GARRITY | CODY BALLARD,IND,0,0,3,3,,
11/5/2024,TULSA,TULSA COUNTY,10001,ELECTORS FOR PRESIDENT AND VICE PRESIDENT,,251,251,1,CHASE OLIVER | MIKE TER MAAT,LIB,120,100,1672,1892,,
11/5/2024,TULSA,TULSA COUNTY,10001,ELECTORS FOR PRESIDENT AND VICE PRESIDENT,,251,251,2,DONALD J. TRUMP | JD VANCE,REP,7525,13416,124300,145241,,
11/5/2024,TULSA,TULSA COUNTY,10001,ELECTORS FOR PRESIDENT AND VICE PRESIDENT,,251,251,3,KAMALA D. HARRIS | TIM WALZ,DEM,10308,12275,83522,106105,,
11/5/2024,TULSA,TULSA COUNTY,10001,ELECTORS FOR PRESIDENT AND VICE PRESIDENT,,251,251,4,ROBERT F. KENNEDY JR. | NICOLE SHANAHAN,IND,124,119,2515,2758,,
11/5/2024,TULSA,TULSA COUNTY,10001,ELECTORS FOR PRESIDENT AND VICE PRESIDENT,,251,251,5,CHRIS GARRITY | CODY BALLARD,IND,81,37,825,943,,
11/5/2024,WAGONER,WAGONER COUNTY,10001,ELECTORS FOR PRESIDENT AND VICE PRESIDENT,,29,29,1,CHASE OLIVER | MIKE TER MAAT,LIB,8,46,142,196,,
11/5/2024,WAGONER,WAGONER COUNTY,10001,ELECTORS FOR PRESIDENT AND VICE PRESIDENT,,29,29,2,DONALD J. TRUMP | JD VANCE,REP,905,7929,19653,28487,,
11/5/2024,WAGONER,WAGONER COUNTY,10001,ELECTORS FOR PRESIDENT AND VICE PRESIDENT,,29,29,3,KAMALA D. HARRIS | TIM WALZ,DEM,708,2752,5870,9330,,
11/5/2024,WAGONER,WAGONER COUNTY,10001,ELECTORS FOR PRESIDENT AND VICE PRESIDENT,,29,29,4,ROBERT F. KENNEDY JR. | NICOLE SHANAHAN,IND,10,54,301,365,,
11/5/2024,WAGONER,WAGONER COUNTY,10001,ELECTORS FOR PRESIDENT AND VICE PRESIDENT,,29,29,5,CHRIS GARRITY | CODY BALLARD,IND,6,19,98,123,,
11/5/2024,WASHINGTON,WASHINGTON COUNTY,10001,ELECTORS FOR PRESIDENT AND VICE PRESIDENT,,26,26,1,CHASE OLIVER | MIKE TER MAAT,LIB,8,33,123,164,,
11/5/2024,WASHINGTON,WASHINGTON COUNTY,10001,ELECTORS FOR PRESIDENT AND VICE PRESIDENT,,26,26,2,DONALD J. TRUMP | JD VANCE,REP,541,3659,12636,16836,,
11/5/2024,WASHINGTON,WASHINGTON COUNTY,10001,ELECTORS FOR PRESIDENT AND VICE PRESIDENT,,26,26,3,KAMALA D. HARRIS | TIM WALZ,DEM,438,1598,3757,5793,,
11/5/2024,WASHINGTON,WASHINGTON COUNTY,10001,ELECTORS FOR PRESIDENT AND VICE PRESIDENT,,26,26,4,ROBERT F. KENNEDY JR. | NICOLE SHANAHAN,IND,8,55,220,283,,
11/5/2024,WASHINGTON,WASHINGTON COUNTY,10001,ELECTORS FOR PRESIDENT AND VICE PRESIDENT,,26,26,5,CHRIS GARRITY | CODY BALLARD,IND,6,20,72,98,,
11/5/2024,WASHITA,WASHITA COUNTY,10001,ELECTORS FOR PRESIDENT AND VICE PRESIDENT,,12,12,1,CHASE OLIVER | MIKE TER MAAT,LIB,1,3,16,20,,
11/5/2024,WASHITA,WASHITA COUNTY,10001,ELECTORS FOR PRESIDENT AND VICE PRESIDENT,,12,12,2,DONALD J. TRUMP | JD VANCE,REP,123,715,3192,4030,,
11/5/2024,WASHITA,WASHITA COUNTY,10001,ELECTORS FOR PRESIDENT AND VICE PRESIDENT,,12,12,3,KAMALA D. HARRIS | TIM WALZ,DEM,38,101,412,551,,
11/5/2024,WASHITA,WASHITA COUNTY,10001,ELECTORS FOR PRESIDENT AND VICE PRESIDENT,,12,12,4,ROBERT F. KENNEDY JR. | NICOLE SHANAHAN,IND,1,4,36,41,,
11/5/2024,WASHITA,WASHITA COUNTY,10001,ELECTORS FOR PRESIDENT AND VICE PRESIDENT,,12,12,5,CHRIS GARRITY | CODY BALLARD,IND,0,0,10,10,,
11/5/2024,WOODS,WOODS COUNTY,10001,ELECTORS FOR PRESIDENT AND VICE PRESIDENT,,6,6,1,CHASE OLIVER | MIKE TER MAAT,LIB,0,4,9,13,,
11/5/2024,WOODS,WOODS COUNTY,10001,ELECTORS FOR PRESIDENT AND VICE PRESIDENT,,6,6,2,DONALD J. TRUMP | JD VANCE,REP,86,993,1876,2955,,
11/5/2024,WOODS,WOODS COUNTY,10001,ELECTORS FOR PRESIDENT AND VICE PRESIDENT,,6,6,3,KAMALA D. HARRIS | TIM WALZ,DEM,42,271,301,614,,
11/5/2024,WOODS,WOODS COUNTY,10001,ELECTORS FOR PRESIDENT AND VICE PRESIDENT,,6,6,4,ROBERT F. KENNEDY JR. | NICOLE SHANAHAN,IND,1,19,28,48,,
11/5/2024,WOODS,WOODS COUNTY,10001,ELECTORS FOR PRESIDENT AND VICE PRESIDENT,,6,6,5,CHRIS GARRITY | CODY BALLARD,IND,0,2,6,8,,
11/5/2024,WOODWARD,WOODWARD COUNTY,10001,ELECTORS FOR PRESIDENT AND VICE PRESIDENT,,16,16,1,CHASE OLIVER | MIKE TER MAAT,LIB,0,4,21,25,,
11/5/2024,WOODWARD,WOODWARD COUNTY,10001,ELECTORS FOR PRESIDENT AND VICE PRESIDENT,,16,16,2,DONALD J. TRUMP | JD VANCE,REP,165,1911,4155,6231,,
11/5/2024,WOODWARD,WOODWARD COUNTY,10001,ELECTORS FOR PRESIDENT AND VICE PRESIDENT,,16,16,3,KAMALA D. HARRIS | TIM WALZ,DEM,62,307,598,967,,
11/5/2024,WOODWARD,WOODWARD COUNTY,10001,ELECTORS FOR PRESIDENT AND VICE PRESIDENT,,16,16,4,ROBERT F. KENNEDY JR. | NICOLE SHANAHAN,IND,0,14,57,71,,
11/5/2024,WOODWARD,WOODWARD COUNTY,10001,ELECTORS FOR PRESIDENT AND VICE PRESIDENT,,16,16,5,CHRIS GARRITY | CODY BALLARD,IND,1,3,14,18,,
