County,Kamala D. Harris Tim Walz,Kamala D. Harris Tim Walz.1,Donald J. Trump JD Vance,Donald J. Trump JD Vance.1,Jill Stein,Claudia De la Cruz,Chase Oliver,Cornel West,Peter Sonski,Shiva Ayyadurai,Chris Garrity,Raymond Anthony Scollin,Andrew O'Donnell,Future Madam Potus,Garry Hubbard,Andre Ramon McNeil Sr,Scattering,Blank,Void,Total Votes,Democratic,Republican
Albany,85741,6848,48554,6006,1039.0,123.0,143.0,66.0,46.0,2.0,5.0,1.0,0.0,1.0,2.0,0.0,0.0,1228.0,1200.0,151005.0,92589.0,54560.0
Allegany,5430,372,13050,1375,25.0,10.0,16.0,8.0,19.0,0.0,0.0,0.0,0.0,0.0,0.0,0.0,0.0,138.0,145.0,20588.0,5802.0,14425.0
Bronx,250998,10672,91194,6980,2348.0,374.0,59.0,227.0,29.0,7.0,0.0,1.0,1.0,0.0,0.0,0.0,0.0,3285.0,1171.0,367346.0,261670.0,98174.0
Broome,42191,2951,41138,3625,341.0,68.0,82.0,24.0,30.0,3.0,3.0,3.0,0.0,0.0,0.0,0.0,0.0,757.0,607.0,91823.0,45142.0,44763.0
Cattaraugus,10747,677,20433,2153,53.0,1.0,28.0,2.0,12.0,0.0,0.0,1.0,0.0,0.0,0.0,0.0,0.0,260.0,158.0,34525.0,11424.0,22586.0
Cayuga,14802,970,18273,2209,45.0,9.0,24.0,7.0,2.0,0.0,1.0,0.0,1.0,0.0,0.0,0.0,0.0,257.0,185.0,36785.0,15772.0,20482.0
Chautauqua,20684,1401,30708,3820,59.0,3.0,44.0,9.0,16.0,2.0,4.0,1.0,0.0,0.0,0.0,0.0,0.0,458.0,312.0,57521.0,22085.0,34528.0
Chemung,14805,767,19905,1956,61.0,14.0,37.0,4.0,11.0,0.0,0.0,0.0,0.0,0.0,0.0,0.0,0.0,264.0,179.0,38003.0,15572.0,21861.0
Chenango,7687,490,13325,969,35.0,4.0,28.0,2.0,0.0,0.0,0.0,0.0,0.0,0.0,0.0,0.0,0.0,117.0,119.0,22776.0,8177.0,14294.0
Clinton,16489,989,16814,1433,60.0,3.0,26.0,0.0,3.0,0.0,0.0,0.0,0.0,0.0,0.0,0.0,0.0,255.0,166.0,36238.0,17478.0,18247.0
Columbia,18504,1892,13266,1902,237.0,37.0,30.0,17.0,8.0,3.0,1.0,0.0,0.0,0.0,0.0,0.0,0.0,235.0,194.0,36326.0,20396.0,15168.0
Cortland,9602,688,10701,1005,31.0,5.0,22.0,2.0,7.0,0.0,0.0,0.0,0.0,0.0,0.0,0.0,0.0,147.0,120.0,22330.0,10290.0,11706.0
Delaware,8536,701,12785,1004,94.0,1.0,15.0,15.0,4.0,1.0,0.0,0.0,0.0,0.0,0.0,0.0,0.0,128.0,117.0,23401.0,9237.0,13789.0
Dutchess,74947,5047,64625,7153,556.0,97.0,116.0,77.0,37.0,3.0,1.0,0.0,0.0,0.0,0.0,0.0,0.0,1116.0,800.0,154575.0,79994.0,71778.0
Erie,234407,14244,178177,26597,2183.0,186.0,401.0,184.0,151.0,1.0,13.0,2.0,0.0,3.0,1.0,0.0,0.0,3440.0,3589.0,463579.0,248651.0,204774.0
Essex,9063,566,8827,706,40.0,10.0,9.0,7.0,4.0,0.0,0.0,4.0,0.0,0.0,0.0,0.0,0.0,171.0,122.0,19529.0,9629.0,9533.0
Franklin,8358,463,9775,794,34.0,5.0,8.0,3.0,8.0,2.0,0.0,8.0,0.0,0.0,0.0,0.0,0.0,113.0,91.0,19662.0,8821.0,10569.0
Fulton,7284,382,14983,1254,24.0,4.0,11.0,5.0,6.0,0.0,0.0,0.0,0.0,0.0,0.0,0.0,0.0,126.0,112.0,24191.0,7666.0,16237.0
Genesee,8784,583,16924,2073,30.0,10.0,27.0,5.0,6.0,1.0,1.0,0.0,0.0,0.0,0.0,0.0,0.0,197.0,180.0,28821.0,9367.0,18997.0
Greene,9437,999,13058,1644,100.0,16.0,29.0,16.0,9.0,2.0,0.0,0.0,0.0,0.0,0.0,0.0,0.0,243.0,135.0,25688.0,10436.0,14702.0
Hamilton,1136,75,2052,171,1.0,0.0,2.0,2.0,0.0,0.0,0.0,0.0,0.0,0.0,0.0,0.0,0.0,0.0,3.0,3442.0,1211.0,2223.0
Herkimer,8527,583,17633,1924,29.0,7.0,18.0,0.0,4.0,0.0,0.0,0.0,0.0,0.0,0.0,0.0,0.0,160.0,139.0,29024.0,9110.0,19557.0
Jefferson,15562,764,24554,1863,50.0,6.0,26.0,5.0,12.0,0.0,1.0,0.0,0.0,0.0,0.0,0.0,0.0,212.0,256.0,43311.0,16326.0,26417.0
Kings,541402,59863,216994,16970,9190.0,2018.0,272.0,1128.0,75.0,10.0,6.0,0.0,2.0,3.0,0.0,1.0,0.0,8166.0,5810.0,861910.0,601265.0,233964.0
Lewis,3418,182,8677,676,4.0,0.0,7.0,2.0,0.0,0.0,0.0,0.0,0.0,0.0,0.0,0.0,0.0,187.0,93.0,13246.0,3600.0,9353.0
Livingston,11468,680,16746,2034,40.0,12.0,33.0,4.0,17.0,0.0,1.0,0.0,0.0,0.0,0.0,0.0,0.0,272.0,154.0,31461.0,12148.0,18780.0
Madison,13652,977,17084,1941,59.0,16.0,62.0,3.0,13.0,1.0,2.0,0.0,0.0,2.0,0.0,2.0,0.0,231.0,220.0,34265.0,14629.0,19025.0
Monroe,201677,13080,126558,19382,1070.0,208.0,433.0,129.0,162.0,4.0,6.0,3.0,2.0,0.0,1.0,0.0,0.0,3485.0,2143.0,368343.0,214757.0,145940.0
Montgomery,6918,438,12025,1261,29.0,7.0,24.0,3.0,4.0,2.0,0.0,1.0,0.0,0.0,0.0,0.0,0.0,119.0,91.0,20922.0,7356.0,13286.0
Nassau,327839,10614,343703,24435,4876.0,219.0,367.0,180.0,89.0,11.0,13.0,3.0,0.0,0.0,0.0,0.0,0.0,6473.0,3816.0,722638.0,338453.0,368138.0
New York ,500360,33422,106487,7434,4485.0,868.0,551.0,625.0,113.0,16.0,5.0,3.0,0.0,2.0,1.0,0.0,0.0,5966.0,6261.0,666599.0,533782.0,113921.0
Niagara,41078,2360,51610,7068,154.0,18.0,93.0,18.0,30.0,1.0,0.0,1.0,0.0,0.0,0.0,0.0,0.0,619.0,523.0,103573.0,43438.0,58678.0
Oneida,37080,2335,55580,5107,33.0,23.0,66.0,13.0,10.0,9.0,0.0,0.0,1.0,1.0,0.0,0.0,0.0,680.0,589.0,101527.0,39415.0,60687.0
Onondaga,125462,7693,82893,11023,780.0,112.0,240.0,93.0,71.0,5.0,6.0,1.0,2.0,0.0,0.0,0.0,0.0,1700.0,1626.0,231707.0,133155.0,93916.0
Ontario,27932,1588,26679,3542,101.0,42.0,72.0,5.0,18.0,2.0,0.0,2.0,3.0,1.0,0.0,0.0,0.0,447.0,380.0,60814.0,29520.0,30221.0
Orange,76403,3850,87189,7747,299.0,27.0,81.0,35.0,20.0,4.0,3.0,0.0,0.0,2.0,0.0,0.0,0.0,1805.0,1041.0,178506.0,80253.0,94936.0
Orleans,5088,278,11414,1245,13.0,0.0,21.0,4.0,8.0,0.0,0.0,0.0,0.0,0.0,0.0,0.0,0.0,164.0,66.0,18301.0,5366.0,12659.0
Oswego,19344,1139,30517,3031,61.0,12.0,38.0,4.0,16.0,1.0,0.0,0.0,0.0,0.0,0.0,0.0,0.0,261.0,288.0,54712.0,20483.0,33548.0
Otsego,12159,872,13612,1644,83.0,10.0,27.0,13.0,8.0,6.0,1.0,1.0,0.0,0.0,0.0,0.0,0.0,174.0,173.0,28783.0,13031.0,15256.0
Putnam,22839,1117,28858,2695,172.0,22.0,40.0,13.0,8.0,1.0,0.0,0.0,0.0,0.0,0.0,0.0,0.0,386.0,270.0,56421.0,23956.0,31553.0
Queens,409759,27523,248220,16408,8546.0,819.0,251.0,556.0,85.0,12.0,7.0,2.0,3.0,0.0,0.0,0.0,0.0,5973.0,3773.0,721937.0,437282.0,264628.0
Rensselaer ,36420,3248,33175,5426,251.0,64.0,90.0,30.0,26.0,2.0,2.0,0.0,2.0,0.0,0.0,0.0,0.0,582.0,434.0,79752.0,39668.0,38601.0
Richmond,66010,3335,120037,8114,1874.0,97.0,68.0,55.0,26.0,2.0,1.0,0.0,0.0,1.0,0.0,0.0,0.0,1026.0,938.0,201584.0,69345.0,128151.0
Rockland,63816,2064,77318,6225,511.0,40.0,48.0,27.0,23.0,0.0,0.0,0.0,0.0,0.0,0.0,0.0,0.0,1316.0,861.0,152249.0,65880.0,83543.0
Saratoga,62823,3498,57120,6820,333.0,40.0,123.0,17.0,27.0,0.0,6.0,5.0,0.0,0.0,0.0,0.0,0.0,1467.0,538.0,132817.0,66321.0,63940.0
Schenectady,37294,2439,27448,4527,321.0,27.0,70.0,22.0,11.0,4.0,2.0,0.0,0.0,0.0,0.0,0.0,0.0,486.0,461.0,73112.0,39733.0,31975.0
Schoharie,5141,406,9344,1079,44.0,8.0,14.0,3.0,3.0,0.0,0.0,0.0,0.0,0.0,0.0,0.0,0.0,99.0,90.0,16231.0,5547.0,10423.0
Schuyler,3470,266,5207,510,12.0,2.0,9.0,6.0,4.0,0.0,0.0,0.0,0.0,0.0,0.0,0.0,0.0,43.0,50.0,9579.0,3736.0,5717.0
Seneca,6226,384,7613,766,22.0,2.0,12.0,2.0,5.0,0.0,0.0,1.0,1.0,0.0,0.0,0.0,0.0,110.0,83.0,15227.0,6610.0,8379.0
St. Lawrence,17028,982,23655,2264,47.0,14.0,29.0,1.0,6.0,0.0,0.0,0.0,0.0,0.0,0.0,0.0,0.0,381.0,142.0,44549.0,18010.0,25919.0
Steuben,14577,836,27489,2288,60.0,8.0,55.0,9.0,20.0,2.0,0.0,0.0,0.0,0.0,0.0,0.0,0.0,236.0,242.0,45822.0,15413.0,29777.0
Suffolk,328838,12974,376801,40748,2676.0,200.0,385.0,139.0,75.0,3.0,3.0,5.0,0.0,0.0,1.0,1.0,0.0,4827.0,3537.0,771213.0,341812.0,417549.0
Sullivan,13468,1081,18362,2024,91.0,9.0,13.0,10.0,4.0,0.0,0.0,0.0,0.0,0.0,0.0,0.0,0.0,455.0,127.0,35644.0,14549.0,20386.0
Tioga,8933,504,13988,1050,38.0,2.0,32.0,3.0,7.0,0.0,1.0,0.0,1.0,0.0,0.0,0.0,0.0,148.0,132.0,24839.0,9437.0,15038.0
Tompkins,30273,4358,10407,947,346.0,79.0,58.0,45.0,16.0,0.0,0.0,1.0,0.0,1.0,0.0,1.0,0.0,384.0,391.0,47307.0,34631.0,11354.0
Ulster,51205,6769,34589,5154,552.0,92.0,77.0,79.0,10.0,3.0,4.0,0.0,0.0,0.0,0.0,0.0,0.0,1429.0,61.0,100024.0,57974.0,39743.0
Warren,16200,899,16900,1706,52.0,15.0,41.0,8.0,6.0,1.0,1.0,0.0,0.0,0.0,0.0,0.0,0.0,232.0,257.0,36318.0,17099.0,18606.0
Washington,10538,686,15433,1835,44.0,4.0,28.0,5.0,11.0,2.0,0.0,0.0,0.0,0.0,0.0,0.0,0.0,156.0,155.0,28897.0,11224.0,17268.0
Wayne,16126,930,23862,3424,32.0,8.0,41.0,9.0,10.0,0.0,1.0,0.0,0.0,0.0,0.0,0.0,0.0,321.0,251.0,45015.0,17056.0,27286.0
Westchester,276993,10441,155266,12529,1910.0,186.0,253.0,164.0,84.0,3.0,7.0,0.0,1.0,1.0,0.0,0.0,0.0,7143.0,0.0,464981.0,287434.0,167795.0
Wyoming,4599,330,12685,1427,0.0,0.0,0.0,0.0,0.0,0.0,0.0,0.0,0.0,0.0,0.0,0.0,0.0,228.0,146.0,19415.0,4929.0,14112.0
Yates,4125,276,5437,661,17.0,6.0,14.0,4.0,1.0,0.0,0.0,1.0,0.0,0.0,0.0,0.0,0.0,76.0,82.0,10700.0,4401.0,6098.0
